unix_timestamp,human_timestamp,nodeID,tc1,tc2,millisSinceHeatPulse,soilMoisture,outsideTemp,outsideHumidity
1563433200,7/18/2019 7:0:0,2,20.44998,20.46509,737979,8,-1,-1
1563433203,7/18/2019 7:0:3,2,20.4525,20.46257,740978,8,-1,-1
1563433206,7/18/2019 7:0:6,2,20.45502,20.46509,743978,7,-1,-1
1563433209,7/18/2019 7:0:9,2,20.44746,20.46761,746979,7,-1,-1
1563433212,7/18/2019 7:0:12,2,20.44495,20.46509,749978,7,-1,-1
1563433215,7/18/2019 7:0:15,2,20.44746,20.45753,752978,8,-1,-1
1563433218,7/18/2019 7:0:18,2,20.45502,20.44495,755979,8,-1,-1
1563433221,7/18/2019 7:0:21,2,20.44746,20.45753,758978,8,-1,-1
1563433224,7/18/2019 7:0:24,2,20.42984,20.44998,761978,9,-1,-1
1563433227,7/18/2019 7:0:27,2,20.43236,20.45753,764978,9,-1,-1
1563433230,7/18/2019 7:0:30,2,20.43991,20.43991,767979,8,-1,-1
1563433233,7/18/2019 7:0:33,2,20.43739,20.44243,770978,8,-1,-1
1563433236,7/18/2019 7:0:36,2,20.4248,20.44495,773978,8,-1,-1
1563433239,7/18/2019 7:0:39,2,20.42732,20.44746,776979,8,-1,-1
1563433242,7/18/2019 7:0:42,2,20.42984,20.44495,779978,7,-1,-1
1563433245,7/18/2019 7:0:45,2,20.42229,20.44243,782979,7,-1,-1
1563433248,7/18/2019 7:0:48,2,20.4248,20.46509,785979,7,-1,-1
1563433251,7/18/2019 7:0:51,2,20.43236,20.44243,788978,8,-1,-1
1563433254,7/18/2019 7:0:54,2,20.4248,20.45502,791978,8,-1,-1
1563433257,7/18/2019 7:0:57,2,20.43739,20.44243,794978,8,-1,-1
1563433260,7/18/2019 7:1:0,2,20.4248,20.44998,797979,8,-1,-1
1563433263,7/18/2019 7:1:3,2,20.42732,20.4525,800978,8,-1,-1
1563433266,7/18/2019 7:1:6,2,20.4248,20.44495,803979,8,-1,-1
1563433269,7/18/2019 7:1:9,2,20.43739,20.4525,806979,9,-1,-1
1563433272,7/18/2019 7:1:12,2,20.43991,20.43488,809979,8,-1,-1
1563433275,7/18/2019 7:1:15,2,20.42229,20.45753,812979,8,-1,-1
1563433278,7/18/2019 7:1:18,2,20.42984,20.43991,815979,8,-1,-1
1563433281,7/18/2019 7:1:21,2,20.42229,20.44746,818978,8,-1,-1
1563433284,7/18/2019 7:1:24,2,20.4248,20.44998,821978,8,-1,-1
1563433287,7/18/2019 7:1:27,2,20.42732,20.43739,824979,6,-1,-1
1563433290,7/18/2019 7:1:30,2,20.42984,20.44998,827979,7,-1,-1
1563433293,7/18/2019 7:1:33,2,20.42732,20.45753,830979,7,-1,-1
1563433296,7/18/2019 7:1:36,2,20.41473,20.43991,833979,7,-1,-1
1563433299,7/18/2019 7:1:39,2,20.43236,20.44746,836979,8,-1,-1
1563433302,7/18/2019 7:1:42,2,20.4248,20.41977,839978,8,-1,-1
1563433305,7/18/2019 7:1:45,2,20.42229,20.44746,842978,8,-1,-1
1563433308,7/18/2019 7:1:48,2,20.41977,20.44998,845978,8,-1,-1
1563433311,7/18/2019 7:1:51,2,20.42732,20.45753,848979,8,-1,-1
1563433314,7/18/2019 7:1:54,2,20.41473,20.43488,851979,8,-1,-1
1563433317,7/18/2019 7:1:57,2,20.42732,20.44243,854978,8,-1,-1
1563433320,7/18/2019 7:2:0,2,20.4248,20.43991,857979,8,-1,-1
1563433323,7/18/2019 7:2:3,2,20.41222,20.42732,860978,8,-1,-1
1563433326,7/18/2019 7:2:6,2,20.41473,20.43991,863979,9,-1,-1
1563433329,7/18/2019 7:2:9,2,20.42229,20.44243,866979,8,-1,-1
1563433332,7/18/2019 7:2:12,2,20.41977,20.43488,869979,9,-1,-1
1563433335,7/18/2019 7:2:15,2,20.40718,20.44243,872978,8,-1,-1
1563433338,7/18/2019 7:2:18,2,20.41977,20.42984,875979,8,-1,-1
1563433341,7/18/2019 7:2:21,2,20.40718,20.4525,878978,8,-1,-1
1563433344,7/18/2019 7:2:24,2,20.4097,20.42984,881978,8,-1,-1
1563433347,7/18/2019 7:2:27,2,20.41725,20.43236,884979,8,-1,-1
1563433350,7/18/2019 7:2:30,2,20.41473,20.43488,887978,8,-1,-1
1563433353,7/18/2019 7:2:33,2,20.41725,20.42732,890978,8,-1,-1
1563433356,7/18/2019 7:2:36,2,20.4097,20.41977,893978,8,-1,-1
1563433359,7/18/2019 7:2:39,2,20.41725,20.42732,896978,7,-1,-1
1563433362,7/18/2019 7:2:42,2,20.40466,20.42984,899978,6,-1,-1
1563433365,7/18/2019 7:2:45,2,20.42229,20.42732,902978,7,-1,-1
1563433368,7/18/2019 7:2:48,2,20.40466,20.41473,905979,7,-1,-1
1563433371,7/18/2019 7:2:51,2,20.39711,20.42732,908978,8,-1,-1
1563433374,7/18/2019 7:2:54,2,20.4248,20.41977,911979,8,-1,-1
1563433377,7/18/2019 7:2:57,2,20.40718,20.43236,914978,8,-1,-1
1563433380,7/18/2019 7:3:0,2,20.39963,20.4248,917978,8,-1,-1
1563433383,7/18/2019 7:3:3,2,20.38704,20.42732,920978,8,-1,-1
1563433386,7/18/2019 7:3:6,2,20.40466,20.4097,923979,8,-1,-1
1563433389,7/18/2019 7:3:9,2,20.40718,20.42732,926979,8,-1,-1
1563433392,7/18/2019 7:3:12,2,20.39459,20.41977,929978,8,-1,-1
1563433395,7/18/2019 7:3:15,2,20.40718,20.42229,932978,8,-1,-1
1563433398,7/18/2019 7:3:18,2,20.39459,20.42984,935978,7,-1,-1
1563433401,7/18/2019 7:3:21,2,20.40215,20.41725,938979,7,-1,-1
1563433404,7/18/2019 7:3:24,2,20.4097,20.4248,941978,8,-1,-1
1563433407,7/18/2019 7:3:27,2,20.39711,20.43236,944979,8,-1,-1
1563433410,7/18/2019 7:3:30,2,20.38452,20.41977,947978,8,-1,-1
1563433413,7/18/2019 7:3:33,2,20.40215,20.43236,950978,8,-1,-1
1563433416,7/18/2019 7:3:36,2,20.39963,20.42984,953978,8,-1,-1
1563433419,7/18/2019 7:3:39,2,20.41222,20.42229,956978,8,-1,-1
1563433422,7/18/2019 7:3:42,2,20.41473,20.43488,959978,8,-1,-1
1563433425,7/18/2019 7:3:45,2,20.39207,20.41725,962978,8,-1,-1
1563433428,7/18/2019 7:3:48,2,20.39963,20.4097,965979,9,-1,-1
1563433431,7/18/2019 7:3:51,2,20.40718,20.41725,968978,8,-1,-1
1563433434,7/18/2019 7:3:54,2,20.39459,20.41977,971979,9,-1,-1
1563433437,7/18/2019 7:3:57,2,20.40215,20.41222,974979,9,-1,-1
1563433440,7/18/2019 7:4:0,2,20.39963,20.41473,977978,9,-1,-1
1563433443,7/18/2019 7:4:3,2,20.39711,20.42732,980979,8,-1,-1
1563433446,7/18/2019 7:4:6,2,20.39459,20.4097,983978,8,-1,-1
1563433449,7/18/2019 7:4:9,2,20.40215,20.41725,986978,8,-1,-1
1563433452,7/18/2019 7:4:12,2,20.39459,20.4097,989979,8,-1,-1
1563433455,7/18/2019 7:4:15,2,20.39711,20.41725,992979,8,-1,-1
1563433458,7/18/2019 7:4:18,2,20.39459,20.4097,995979,8,-1,-1
1563433461,7/18/2019 7:4:21,2,20.39207,20.40718,998978,7,-1,-1
1563433464,7/18/2019 7:4:24,2,20.38452,20.40466,1001978,7,-1,-1
1563433467,7/18/2019 7:4:27,2,20.38704,20.40215,1004978,7,-1,-1
1563433470,7/18/2019 7:4:30,2,20.38956,20.40466,1007979,7,-1,-1
1563433473,7/18/2019 7:4:33,2,20.37697,20.42229,1010979,7,-1,-1
1563433476,7/18/2019 7:4:36,2,20.38452,20.39459,1013978,8,-1,-1
1563433479,7/18/2019 7:4:39,2,20.38704,20.41222,1016978,8,-1,-1
1563433482,7/18/2019 7:4:42,2,20.38452,20.39459,1019978,8,-1,-1
1563433485,7/18/2019 7:4:45,2,20.39207,20.41222,1022979,8,-1,-1
1563433488,7/18/2019 7:4:48,2,20.37445,20.4097,1025979,8,-1,-1
1563433491,7/18/2019 7:4:51,2,20.38704,20.40215,1028978,8,-1,-1
1563433494,7/18/2019 7:4:54,2,20.38956,20.39963,1031978,8,-1,-1
1563433497,7/18/2019 7:4:57,2,20.382,20.41725,1034978,8,-1,-1
1563433500,7/18/2019 7:5:0,2,20.37949,20.40466,1037978,8,-1,-1
1563433503,7/18/2019 7:5:3,2,20.38704,20.41725,1040979,8,-1,-1
1563433506,7/18/2019 7:5:6,2,20.36942,20.4097,1043978,8,-1,-1
1563433509,7/18/2019 7:5:9,2,20.382,20.41725,1046978,8,-1,-1
1563433512,7/18/2019 7:5:12,2,20.38452,20.39459,1049979,8,-1,-1
1563433515,7/18/2019 7:5:15,2,20.382,20.40215,1052978,9,-1,-1
1563433518,7/18/2019 7:5:18,2,20.37445,20.41977,1055978,9,-1,-1
1563433521,7/18/2019 7:5:21,2,20.38704,20.40718,1058979,8,-1,-1
1563433524,7/18/2019 7:5:24,2,20.37949,20.39963,1061978,9,-1,-1
1563433527,7/18/2019 7:5:27,2,20.38704,20.40718,1064979,9,-1,-1
1563433530,7/18/2019 7:5:30,2,20.37445,20.4097,1067978,9,-1,-1
1563433533,7/18/2019 7:5:33,2,20.37697,20.40718,1070979,9,-1,-1
1563433536,7/18/2019 7:5:36,2,20.37949,20.39963,1073979,9,-1,-1
1563433539,7/18/2019 7:5:39,2,20.37697,20.40215,1076978,9,-1,-1
1563433542,7/18/2019 7:5:42,2,20.36942,20.39459,1079979,9,-1,-1
1563433545,7/18/2019 7:5:45,2,20.38704,20.40215,1082979,8,-1,-1
1563433548,7/18/2019 7:5:48,2,20.36942,20.40466,1085978,8,-1,-1
1563433551,7/18/2019 7:5:51,2,20.38704,20.40215,1088978,8,-1,-1
1563433554,7/18/2019 7:5:54,2,20.37949,20.39459,1091978,8,-1,-1
1563433557,7/18/2019 7:5:57,2,20.382,20.40215,1094978,8,-1,-1
1563433560,7/18/2019 7:6:0,2,20.39459,20.39459,1097978,8,-1,-1
1563433563,7/18/2019 7:6:3,2,20.38704,20.40215,1100979,8,-1,-1
1563433566,7/18/2019 7:6:6,2,20.37445,20.39963,1103978,7,-1,-1
1563433569,7/18/2019 7:6:9,2,20.38704,20.40215,1106979,7,-1,-1
1563433572,7/18/2019 7:6:12,2,20.38452,20.38956,1109979,7,-1,-1
1563433575,7/18/2019 7:6:15,2,20.38704,20.39711,1112978,8,-1,-1
1563433578,7/18/2019 7:6:18,2,20.38452,20.39459,1115978,8,-1,-1
1563433581,7/18/2019 7:6:21,2,20.37193,20.39207,1118978,8,-1,-1
1563433584,7/18/2019 7:6:24,2,20.36438,20.39963,1121978,8,-1,-1
1563433587,7/18/2019 7:6:27,2,20.37193,20.38704,1124979,8,-1,-1
1563433590,7/18/2019 7:6:30,2,20.37445,20.40466,1127979,8,-1,-1
1563433593,7/18/2019 7:6:33,2,20.37697,20.38704,1130979,8,-1,-1
1563433596,7/18/2019 7:6:36,2,20.35934,20.40466,1133979,8,-1,-1
1563433599,7/18/2019 7:6:39,2,20.3669,20.40215,1136979,8,-1,-1
1563433602,7/18/2019 7:6:42,2,20.36942,20.39963,1139979,8,-1,-1
1563433605,7/18/2019 7:6:45,2,20.35683,20.39711,1142979,8,-1,-1
1563433608,7/18/2019 7:6:48,2,20.37445,20.38452,1145979,8,-1,-1
1563433611,7/18/2019 7:6:51,2,20.3669,20.38704,1148978,8,-1,-1
1563433614,7/18/2019 7:6:54,2,20.36438,20.38956,1151978,8,-1,-1
1563433617,7/18/2019 7:6:57,2,20.36186,20.39207,1154979,8,-1,-1
1563433620,7/18/2019 7:7:0,2,20.36438,20.37445,1157978,8,-1,-1
1563433623,7/18/2019 7:7:3,2,20.3669,20.39207,1160979,8,-1,-1
1563433626,7/18/2019 7:7:6,2,20.36438,20.38452,1163979,9,-1,-1
1563433629,7/18/2019 7:7:9,2,20.3669,20.38704,1166979,8,-1,-1
1563433632,7/18/2019 7:7:12,2,20.36942,20.38452,1169978,8,-1,-1
1563433635,7/18/2019 7:7:15,2,20.37697,20.3669,1172979,8,-1,-1
1563433638,7/18/2019 7:7:18,2,20.35934,20.39963,1175978,8,-1,-1
1563433641,7/18/2019 7:7:21,2,20.36186,20.37697,1178978,8,-1,-1
1563433644,7/18/2019 7:7:24,2,20.35934,20.38452,1181978,7,-1,-1
1563433647,7/18/2019 7:7:27,2,20.35683,20.37697,1184978,8,-1,-1
1563433650,7/18/2019 7:7:30,2,20.36438,20.38452,1187978,7,-1,-1
1563433653,7/18/2019 7:7:33,2,20.36186,20.37193,1190978,8,-1,-1
1563433656,7/18/2019 7:7:36,2,20.34927,20.37445,1193978,7,-1,-1
1563433659,7/18/2019 7:7:39,2,20.36186,20.38704,1196979,6,-1,-1
1563433662,7/18/2019 7:7:42,2,20.35431,20.36942,1199979,6,-1,-1
1563433665,7/18/2019 7:7:45,2,20.36186,20.39207,1202979,8,-1,-1
1563433668,7/18/2019 7:7:48,2,20.36438,20.37445,1205978,8,-1,-1
1563433671,7/18/2019 7:7:51,2,20.35683,20.37697,1208978,8,-1,-1
1563433674,7/18/2019 7:7:54,2,20.36438,20.37445,1211978,8,-1,-1
1563433677,7/18/2019 7:7:57,2,20.35683,20.37697,1214979,8,-1,-1
1563433680,7/18/2019 7:8:0,2,20.35934,20.37949,1217978,8,-1,-1
1563433683,7/18/2019 7:8:3,2,20.34676,20.382,1220978,8,-1,-1
1563433686,7/18/2019 7:8:6,2,20.34927,20.37445,1223979,9,-1,-1
1563433689,7/18/2019 7:8:9,2,20.3669,20.37193,1226978,8,-1,-1
1563433692,7/18/2019 7:8:12,2,20.35934,20.36438,1229978,8,-1,-1
1563433695,7/18/2019 7:8:15,2,20.36186,20.37697,1232978,8,-1,-1
1563433698,7/18/2019 7:8:18,2,20.35431,20.36942,1235978,7,-1,-1
1563433701,7/18/2019 7:8:21,2,20.34676,20.3669,1238979,7,-1,-1
1563433704,7/18/2019 7:8:24,2,20.34927,20.36942,1241979,6,-1,-1
1563433707,7/18/2019 7:8:27,2,20.35179,20.3669,1244979,8,-1,-1
1563433710,7/18/2019 7:8:30,2,20.34424,20.37445,1247979,8,-1,-1
1563433713,7/18/2019 7:8:33,2,20.34172,20.3669,1250979,8,-1,-1
1563433716,7/18/2019 7:8:36,2,20.32913,20.36438,1253978,8,-1,-1
1563433719,7/18/2019 7:8:39,2,20.34172,20.37697,1256979,8,-1,-1
1563433722,7/18/2019 7:8:42,2,20.33417,20.35431,1259979,9,-1,-1
1563433725,7/18/2019 7:8:45,2,20.34676,20.35683,1262978,8,-1,-1
1563433728,7/18/2019 7:8:48,2,20.3392,20.35431,1265979,8,-1,-1
1563433731,7/18/2019 7:8:51,2,20.35179,20.36186,1268978,8,-1,-1
1563433734,7/18/2019 7:8:54,2,20.34927,20.35431,1271979,8,-1,-1
1563433737,7/18/2019 7:8:57,2,20.33669,20.35683,1274978,8,-1,-1
1563433740,7/18/2019 7:9:0,2,20.3392,20.35934,1277979,8,-1,-1
1563433743,7/18/2019 7:9:3,2,20.32661,20.35683,1280978,8,-1,-1
1563433746,7/18/2019 7:9:6,2,20.34424,20.36942,1283979,8,-1,-1
1563433749,7/18/2019 7:9:9,2,20.33165,20.35179,1286979,8,-1,-1
1563433752,7/18/2019 7:9:12,2,20.32913,20.34927,1289979,8,-1,-1
1563433755,7/18/2019 7:9:15,2,20.33669,20.37193,1292978,8,-1,-1
1563433758,7/18/2019 7:9:18,2,20.34424,20.35934,1295978,8,-1,-1
1563433761,7/18/2019 7:9:21,2,20.34172,20.35683,1298978,8,-1,-1
1563433764,7/18/2019 7:9:24,2,20.33417,20.35934,1301979,8,-1,-1
1563433767,7/18/2019 7:9:27,2,20.33165,20.36186,1304978,8,-1,-1
1563433770,7/18/2019 7:9:30,2,20.3392,20.35934,1307978,8,-1,-1
1563433773,7/18/2019 7:9:33,2,20.33165,20.37193,1310979,8,-1,-1
1563433776,7/18/2019 7:9:36,2,20.32913,20.36942,1313978,8,-1,-1
1563433779,7/18/2019 7:9:39,2,20.33165,20.34676,1316978,8,-1,-1
1563433782,7/18/2019 7:9:42,2,20.32913,20.35934,1319979,8,-1,-1
1563433785,7/18/2019 7:9:45,2,20.33669,20.35683,1322978,8,-1,-1
1563433788,7/18/2019 7:9:48,2,20.3241,20.34424,1325978,8,-1,-1
1563433791,7/18/2019 7:9:51,2,20.32158,20.34172,1328979,8,-1,-1
1563433794,7/18/2019 7:9:54,2,20.32913,20.36438,1331978,8,-1,-1
1563433797,7/18/2019 7:9:57,2,20.32158,20.35179,1334978,8,-1,-1
1563433800,7/18/2019 7:10:0,2,20.31906,20.34927,1337978,8,-1,-1
1563433803,7/18/2019 7:10:3,2,20.33165,20.35179,1340978,8,-1,-1
1563433806,7/18/2019 7:10:6,2,20.31403,20.34424,1343979,7,-1,-1
1563433809,7/18/2019 7:10:9,2,20.32158,20.35179,1346978,8,-1,-1
1563433812,7/18/2019 7:10:12,2,20.3241,20.35431,1349979,7,-1,-1
1563433815,7/18/2019 7:10:15,2,20.32661,20.34676,1352978,7,-1,-1
1563433818,7/18/2019 7:10:18,2,20.31906,20.34424,1355979,6,-1,-1
1563433821,7/18/2019 7:10:21,2,20.31654,20.3669,1358978,8,-1,-1
1563433824,7/18/2019 7:10:24,2,20.31906,20.3392,1361978,8,-1,-1
1563433827,7/18/2019 7:10:27,2,20.32158,20.35683,1364978,8,-1,-1
1563433830,7/18/2019 7:10:30,2,20.32913,20.35934,1367979,8,-1,-1
1563433833,7/18/2019 7:10:33,2,20.33165,20.34676,1370978,8,-1,-1
1563433836,7/18/2019 7:10:36,2,20.32913,20.35431,1373978,7,-1,-1
1563433839,7/18/2019 7:10:39,2,20.33165,20.34676,1376979,8,-1,-1
1563433842,7/18/2019 7:10:42,2,20.32913,20.3392,1379978,9,-1,-1
1563433845,7/18/2019 7:10:45,2,20.33669,20.3669,1382978,8,-1,-1
1563433848,7/18/2019 7:10:48,2,20.3241,20.34927,1385978,8,-1,-1
1563433851,7/18/2019 7:10:51,2,20.33669,20.35683,1388978,8,-1,-1
1563433854,7/18/2019 7:10:54,2,20.3241,20.3392,1391978,8,-1,-1
1563433857,7/18/2019 7:10:57,2,20.34172,20.35179,1394978,8,-1,-1
1563433860,7/18/2019 7:11:0,2,20.3241,20.32913,1397978,8,-1,-1
1563433863,7/18/2019 7:11:3,2,20.31654,20.33669,1400979,8,-1,-1
1563433866,7/18/2019 7:11:6,2,20.32913,20.3392,1403979,7,-1,-1
1563433869,7/18/2019 7:11:9,2,20.32661,20.36186,1406979,7,-1,-1
1563433872,7/18/2019 7:11:12,2,20.30396,20.34927,1409979,7,-1,-1
1563433875,7/18/2019 7:11:15,2,20.32661,20.33165,1412979,8,-1,-1
1563433878,7/18/2019 7:11:18,2,20.32913,20.32913,1415979,8,-1,-1
1563433881,7/18/2019 7:11:21,2,20.31654,20.35179,1418979,8,-1,-1
1563433884,7/18/2019 7:11:24,2,20.3241,20.33417,1421978,8,-1,-1
1563433887,7/18/2019 7:11:27,2,20.31151,20.35179,1424978,8,-1,-1
1563433890,7/18/2019 7:11:30,2,20.31906,20.33417,1427979,8,-1,-1
1563433893,7/18/2019 7:11:33,2,20.31654,20.33165,1430979,9,-1,-1
1563433896,7/18/2019 7:11:36,2,20.31906,20.32913,1433979,9,-1,-1
1563433899,7/18/2019 7:11:39,2,20.32158,20.35179,1436978,8,-1,-1
1563433902,7/18/2019 7:11:42,2,20.31403,20.33417,1439978,8,-1,-1
1563433905,7/18/2019 7:11:45,2,20.30647,20.34676,1442978,8,-1,-1
1563433908,7/18/2019 7:11:48,2,20.31906,20.3241,1445978,8,-1,-1
1563433911,7/18/2019 7:11:51,2,20.32158,20.32661,1448978,8,-1,-1
1563433914,7/18/2019 7:11:54,2,20.3241,20.3241,1451978,8,-1,-1
1563433917,7/18/2019 7:11:57,2,20.31654,20.34172,1454978,7,-1,-1
1563433920,7/18/2019 7:12:0,2,20.31403,20.33417,1457979,8,-1,-1
1563433923,7/18/2019 7:12:3,2,20.33165,20.33669,1460979,8,-1,-1
1563433926,7/18/2019 7:12:6,2,20.31906,20.3392,1463978,8,-1,-1
1563433929,7/18/2019 7:12:9,2,20.32158,20.35683,1466978,8,-1,-1
1563433932,7/18/2019 7:12:12,2,20.31403,20.33417,1469978,8,-1,-1
1563433935,7/18/2019 7:12:15,2,20.31654,20.33669,1472978,9,-1,-1
1563433938,7/18/2019 7:12:18,2,20.31906,20.34927,1475979,9,-1,-1
1563433941,7/18/2019 7:12:21,2,20.32158,20.32158,1478978,8,-1,-1
1563433944,7/18/2019 7:12:24,2,20.29892,20.31906,1481978,8,-1,-1
1563433947,7/18/2019 7:12:27,2,20.31151,20.35179,1484979,8,-1,-1
1563433950,7/18/2019 7:12:30,2,20.31403,20.3392,1487978,8,-1,-1
1563433953,7/18/2019 7:12:33,2,20.30647,20.33669,1490978,8,-1,-1
1563433956,7/18/2019 7:12:36,2,20.31403,20.32913,1493978,8,-1,-1
1563433959,7/18/2019 7:12:39,2,20.30647,20.33669,1496979,8,-1,-1
1563433962,7/18/2019 7:12:42,2,20.30396,20.33417,1499978,7,-1,-1
1563433965,7/18/2019 7:12:45,2,20.31151,20.34172,1502979,7,-1,-1
1563433968,7/18/2019 7:12:48,2,20.30899,20.33417,1505979,7,-1,-1
1563433971,7/18/2019 7:12:51,2,20.31654,20.33165,1508978,7,-1,-1
1563433974,7/18/2019 7:12:54,2,20.31403,20.33417,1511979,7,-1,-1
1563433977,7/18/2019 7:12:57,2,20.31151,20.34676,1514979,8,-1,-1
1563433980,7/18/2019 7:13:0,2,20.30396,20.33417,1517979,8,-1,-1
1563433983,7/18/2019 7:13:3,2,20.31654,20.34172,1520979,8,-1,-1
1563433986,7/18/2019 7:13:6,2,20.29892,20.31906,1523978,8,-1,-1
1563433989,7/18/2019 7:13:9,2,20.29137,20.32661,1526979,7,-1,-1
1563433992,7/18/2019 7:13:12,2,20.30396,20.3241,1529978,8,-1,-1
1563433995,7/18/2019 7:13:15,2,20.31151,20.33669,1532979,9,-1,-1
1563433998,7/18/2019 7:13:18,2,20.30396,20.3392,1535978,9,-1,-1
1563434001,7/18/2019 7:13:21,2,20.31151,20.31151,1538978,8,-1,-1
1563434004,7/18/2019 7:13:24,2,20.30396,20.32913,1541978,8,-1,-1
1563434007,7/18/2019 7:13:27,2,20.30647,20.33669,1544978,8,-1,-1
1563434010,7/18/2019 7:13:30,2,20.31906,20.33417,1547978,8,-1,-1
1563434013,7/18/2019 7:13:33,2,20.30647,20.33669,1550978,8,-1,-1
1563434016,7/18/2019 7:13:36,2,20.31403,20.3241,1553979,8,-1,-1
1563434019,7/18/2019 7:13:39,2,20.31654,20.33669,1556979,8,-1,-1
1563434022,7/18/2019 7:13:42,2,20.31906,20.3392,1559979,8,-1,-1
1563434025,7/18/2019 7:13:45,2,20.31151,20.34676,1562978,8,-1,-1
1563434028,7/18/2019 7:13:48,2,20.31403,20.33417,1565979,8,-1,-1
1563434031,7/18/2019 7:13:51,2,20.32158,20.33165,1568979,8,-1,-1
1563434034,7/18/2019 7:13:54,2,20.30899,20.3241,1571978,8,-1,-1
1563434037,7/18/2019 7:13:57,2,20.32661,20.34172,1574979,8,-1,-1
1563434040,7/18/2019 7:14:0,2,20.31403,20.33417,1577979,7,-1,-1
1563434043,7/18/2019 7:14:3,2,20.30647,20.32158,1580978,7,-1,-1
1563434046,7/18/2019 7:14:6,2,20.30899,20.33417,1583978,7,-1,-1
1563434049,7/18/2019 7:14:9,2,20.30144,20.33165,1586978,8,-1,-1
1563434052,7/18/2019 7:14:12,2,20.30396,20.34424,1589978,8,-1,-1
1563434055,7/18/2019 7:14:15,2,20.32158,20.33669,1592979,8,-1,-1
1563434058,7/18/2019 7:14:18,2,20.30396,20.31906,1595978,8,-1,-1
1563434061,7/18/2019 7:14:21,2,20.31151,20.33669,1598979,8,-1,-1
1563434064,7/18/2019 7:14:24,2,20.31403,20.32913,1601978,8,-1,-1
1563434067,7/18/2019 7:14:27,2,20.31151,20.33165,1604979,8,-1,-1
1563434070,7/18/2019 7:14:30,2,20.30396,20.32913,1607978,8,-1,-1
1563434073,7/18/2019 7:14:33,2,20.31654,20.34172,1610978,8,-1,-1
1563434076,7/18/2019 7:14:36,2,20.30899,20.33417,1613978,8,-1,-1
1563434079,7/18/2019 7:14:39,2,20.32661,20.34172,1616978,8,-1,-1
1563434082,7/18/2019 7:14:42,2,20.3241,20.3241,1619979,8,-1,-1
1563434085,7/18/2019 7:14:45,2,20.30144,20.32661,1622978,8,-1,-1
1563434088,7/18/2019 7:14:48,2,20.30396,20.32913,1625979,7,-1,-1
1563434091,7/18/2019 7:14:51,2,20.30647,20.35179,1628979,7,-1,-1
1563434094,7/18/2019 7:14:54,2,20.29892,20.33417,1631978,8,-1,-1
1563434097,7/18/2019 7:14:57,2,20.30647,20.34676,1634979,8,-1,-1
1563434100,7/18/2019 7:15:0,2,20.30899,20.3241,1637978,8,-1,-1
1563434103,7/18/2019 7:15:3,2,20.31151,20.34172,1640978,8,-1,-1
1563434106,7/18/2019 7:15:6,2,20.30396,20.31403,1643978,8,-1,-1
1563434109,7/18/2019 7:15:9,2,20.31151,20.33669,1646979,8,-1,-1
1563434112,7/18/2019 7:15:12,2,20.30899,20.31906,1649978,8,-1,-1
1563434115,7/18/2019 7:15:15,2,20.32158,20.33165,1652979,8,-1,-1
1563434118,7/18/2019 7:15:18,2,20.31403,20.31906,1655978,8,-1,-1
1563434121,7/18/2019 7:15:21,2,20.32158,20.33165,1658978,8,-1,-1
1563434124,7/18/2019 7:15:24,2,20.30899,20.3241,1661978,8,-1,-1
1563434127,7/18/2019 7:15:27,2,20.31654,20.33165,1664979,8,-1,-1
1563434130,7/18/2019 7:15:30,2,20.31403,20.3241,1667979,8,-1,-1
1563434133,7/18/2019 7:15:33,2,20.2964,20.33669,1670979,8,-1,-1
1563434136,7/18/2019 7:15:36,2,20.30899,20.3392,1673979,8,-1,-1
1563434139,7/18/2019 7:15:39,2,20.31151,20.31654,1676978,8,-1,-1
1563434142,7/18/2019 7:15:42,2,20.30396,20.3392,1679978,8,-1,-1
1563434145,7/18/2019 7:15:45,2,20.31151,20.33165,1682978,8,-1,-1
1563434148,7/18/2019 7:15:48,2,20.29892,20.34424,1685978,8,-1,-1
1563434151,7/18/2019 7:15:51,2,20.31151,20.33669,1688978,8,-1,-1
1563434154,7/18/2019 7:15:54,2,20.30396,20.33417,1691978,7,-1,-1
1563434157,7/18/2019 7:15:57,2,20.30647,20.33165,1694978,7,-1,-1
1563434160,7/18/2019 7:16:0,2,20.30899,20.3241,1697978,8,-1,-1
1563434163,7/18/2019 7:16:3,2,20.31151,20.33669,1700978,8,-1,-1
1563434166,7/18/2019 7:16:6,2,20.29388,20.32913,1703979,8,-1,-1
1563434169,7/18/2019 7:16:9,2,20.30647,20.33669,1706978,8,-1,-1
1563434172,7/18/2019 7:16:12,2,20.29892,20.3241,1709979,8,-1,-1
1563434175,7/18/2019 7:16:15,2,20.30144,20.33669,1712978,9,-1,-1
1563434178,7/18/2019 7:16:18,2,20.29892,20.30899,1715978,8,-1,-1
1563434181,7/18/2019 7:16:21,2,20.30144,20.33165,1718978,8,-1,-1
1563434184,7/18/2019 7:16:24,2,20.29892,20.31403,1721978,8,-1,-1
1563434187,7/18/2019 7:16:27,2,20.30647,20.33669,1724978,8,-1,-1
1563434190,7/18/2019 7:16:30,2,20.28381,20.30899,1727979,7,-1,-1
1563434193,7/18/2019 7:16:33,2,20.30144,20.32158,1730979,7,-1,-1
1563434196,7/18/2019 7:16:36,2,20.29388,20.31906,1733978,8,-1,-1
1563434199,7/18/2019 7:16:39,2,20.29137,20.31654,1736978,8,-1,-1
1563434202,7/18/2019 7:16:42,2,20.29388,20.3241,1739978,8,-1,-1
1563434205,7/18/2019 7:16:45,2,20.30647,20.31151,1742979,8,-1,-1
1563434208,7/18/2019 7:16:48,2,20.28381,20.30899,1745978,8,-1,-1
1563434211,7/18/2019 7:16:51,2,20.2964,20.31654,1748978,8,-1,-1
1563434214,7/18/2019 7:16:54,2,20.29388,20.31906,1751978,8,-1,-1
1563434217,7/18/2019 7:16:57,2,20.28633,20.30144,1754978,9,-1,-1
1563434220,7/18/2019 7:17:0,2,20.28885,20.31403,1757978,8,-1,-1
1563434223,7/18/2019 7:17:3,2,20.2964,20.31654,1760979,8,-1,-1
1563434226,7/18/2019 7:17:6,2,20.30396,20.31403,1763978,8,-1,-1
1563434229,7/18/2019 7:17:9,2,20.2964,20.30647,1766979,8,-1,-1
1563434232,7/18/2019 7:17:12,2,20.29892,20.31403,1769978,8,-1,-1
1563434235,7/18/2019 7:17:15,2,20.29137,20.31151,1772979,7,-1,-1
1563434238,7/18/2019 7:17:18,2,20.29388,20.30396,1775979,7,-1,-1
1563434241,7/18/2019 7:17:21,2,20.29137,20.31654,1778978,8,-1,-1
1563434244,7/18/2019 7:17:24,2,20.28381,20.30899,1781978,8,-1,-1
1563434247,7/18/2019 7:17:27,2,20.2964,20.31654,1784979,8,-1,-1
1563434250,7/18/2019 7:17:30,2,20.30396,20.32913,1787978,8,-1,-1
1563434253,7/18/2019 7:17:33,2,20.30144,20.32661,1790978,8,-1,-1
1563434256,7/18/2019 7:17:36,2,20.28885,20.30899,1793978,8,-1,-1
1563434259,7/18/2019 7:17:39,2,20.2964,20.30144,1796979,8,-1,-1
1563434262,7/18/2019 7:17:42,2,20.28885,20.31403,1799979,8,-1,-1
1563434265,7/18/2019 7:17:45,2,21.06178,21.87752,2979,8,-1,-1
1563434268,7/18/2019 7:17:48,2,22.71591,24.49341,5978,9,-1,-1
1563434271,7/18/2019 7:17:51,2,23.93196,26.2986,8978,9,-1,-1
1563434274,7/18/2019 7:17:54,2,24.44809,26.65863,11978,9,-1,-1
1563434277,7/18/2019 7:17:57,2,23.62984,24.80812,14978,8,-1,-1
1563434280,7/18/2019 7:18:0,2,22.78137,23.82874,17979,8,-1,-1
1563434283,7/18/2019 7:18:3,2,22.21489,22.81914,20978,8,-1,-1
1563434286,7/18/2019 7:18:6,2,21.82968,22.18719,23978,8,-1,-1
1563434289,7/18/2019 7:18:9,2,21.65092,21.78185,26979,8,-1,-1
1563434292,7/18/2019 7:18:12,2,21.42685,21.50238,29978,7,-1,-1
1563434295,7/18/2019 7:18:15,2,21.27327,21.31355,32979,8,-1,-1
1563434298,7/18/2019 7:18:18,2,21.16501,21.15494,35978,7,-1,-1
1563434301,7/18/2019 7:18:21,2,21.07689,21.06178,38979,7,-1,-1
1563434304,7/18/2019 7:18:24,2,21.01898,20.96359,41978,7,-1,-1
1563434307,7/18/2019 7:18:27,2,20.95604,20.89561,44978,8,-1,-1
1563434310,7/18/2019 7:18:30,2,20.89813,20.86288,47979,8,-1,-1
1563434313,7/18/2019 7:18:33,2,20.84526,20.84023,50978,8,-1,-1
1563434316,7/18/2019 7:18:36,2,20.81757,20.79239,53978,8,-1,-1
1563434319,7/18/2019 7:18:39,2,20.79994,20.76973,56978,8,-1,-1
1563434322,7/18/2019 7:18:42,2,20.77225,20.74707,59978,8,-1,-1
1563434325,7/18/2019 7:18:45,2,20.73952,20.70427,62979,8,-1,-1
1563434328,7/18/2019 7:18:48,2,20.71686,20.68665,65979,8,-1,-1
1563434331,7/18/2019 7:18:51,2,20.69923,20.68413,68978,8,-1,-1
1563434334,7/18/2019 7:18:54,2,20.68161,20.6514,71979,9,-1,-1
1563434337,7/18/2019 7:18:57,2,20.66902,20.64384,74979,9,-1,-1
1563434340,7/18/2019 7:19:0,2,20.64133,20.63126,77978,9,-1,-1
1563434343,7/18/2019 7:19:3,2,20.63881,20.61867,80979,8,-1,-1
1563434346,7/18/2019 7:19:6,2,20.62622,20.59601,83978,8,-1,-1
1563434349,7/18/2019 7:19:9,2,20.61867,20.59853,86979,8,-1,-1
1563434352,7/18/2019 7:19:12,2,20.61111,20.5809,89978,8,-1,-1
1563434355,7/18/2019 7:19:15,2,20.59853,20.56831,92979,8,-1,-1
1563434358,7/18/2019 7:19:18,2,20.5809,20.5658,95978,8,-1,-1
1563434361,7/18/2019 7:19:21,2,20.56831,20.56328,98979,8,-1,-1
1563434364,7/18/2019 7:19:24,2,20.5809,20.55069,101979,8,-1,-1
1563434367,7/18/2019 7:19:27,2,20.56328,20.55824,104978,8,-1,-1
1563434370,7/18/2019 7:19:30,2,20.54565,20.55573,107978,8,-1,-1
1563434373,7/18/2019 7:19:33,2,20.54314,20.52803,110979,8,-1,-1
1563434376,7/18/2019 7:19:36,2,20.54062,20.53558,113979,8,-1,-1
1563434379,7/18/2019 7:19:39,2,20.54314,20.523,116978,8,-1,-1
1563434382,7/18/2019 7:19:42,2,20.53055,20.53055,119978,8,-1,-1
1563434385,7/18/2019 7:19:45,2,20.5381,20.51292,122979,8,-1,-1
1563434388,7/18/2019 7:19:48,2,20.52048,20.52048,125978,7,-1,-1
1563434391,7/18/2019 7:19:51,2,20.52803,20.50789,128979,8,-1,-1
1563434394,7/18/2019 7:19:54,2,20.51041,20.51544,131978,8,-1,-1
1563434397,7/18/2019 7:19:57,2,20.50789,20.51796,134978,7,-1,-1
1563434400,7/18/2019 7:20:0,2,20.52048,20.49026,137978,7,-1,-1
1563434403,7/18/2019 7:20:3,2,20.50285,20.48775,140978,7,-1,-1
1563434406,7/18/2019 7:20:6,2,20.50034,20.50537,143978,8,-1,-1
1563434409,7/18/2019 7:20:9,2,20.49278,20.48775,146979,8,-1,-1
1563434412,7/18/2019 7:20:12,2,20.4953,20.48523,149978,8,-1,-1
1563434415,7/18/2019 7:20:15,2,20.50285,20.49278,152979,8,-1,-1
1563434418,7/18/2019 7:20:18,2,20.48523,20.49026,155978,8,-1,-1
1563434421,7/18/2019 7:20:21,2,20.49278,20.49278,158978,8,-1,-1
1563434424,7/18/2019 7:20:24,2,20.48019,20.48523,161978,8,-1,-1
1563434427,7/18/2019 7:20:27,2,20.47768,20.48271,164978,8,-1,-1
1563434430,7/18/2019 7:20:30,2,20.47012,20.48019,167978,8,-1,-1
1563434433,7/18/2019 7:20:33,2,20.47264,20.46257,170979,8,-1,-1
1563434436,7/18/2019 7:20:36,2,20.46005,20.46509,173978,8,-1,-1
1563434439,7/18/2019 7:20:39,2,20.46257,20.47768,176978,8,-1,-1
1563434442,7/18/2019 7:20:42,2,20.45502,20.46005,179978,8,-1,-1
1563434445,7/18/2019 7:20:45,2,20.45753,20.46761,182978,8,-1,-1
1563434448,7/18/2019 7:20:48,2,20.46005,20.44998,185979,8,-1,-1
1563434451,7/18/2019 7:20:51,2,20.45753,20.43739,188978,8,-1,-1
1563434454,7/18/2019 7:20:54,2,20.44998,20.44495,191978,8,-1,-1
1563434457,7/18/2019 7:20:57,2,20.4525,20.45753,194979,8,-1,-1
1563434460,7/18/2019 7:21:0,2,20.45502,20.45502,197978,8,-1,-1
1563434463,7/18/2019 7:21:3,2,20.44746,20.45753,200978,8,-1,-1
1563434466,7/18/2019 7:21:6,2,20.43991,20.43488,203979,8,-1,-1
1563434469,7/18/2019 7:21:9,2,20.43236,20.44243,206978,8,-1,-1
1563434472,7/18/2019 7:21:12,2,20.44998,20.41977,209978,8,-1,-1
1563434475,7/18/2019 7:21:15,2,20.42732,20.43236,212978,8,-1,-1
1563434478,7/18/2019 7:21:18,2,20.41473,20.43991,215979,8,-1,-1
1563434481,7/18/2019 7:21:21,2,20.42732,20.43236,218978,8,-1,-1
1563434484,7/18/2019 7:21:24,2,20.41977,20.43991,221978,8,-1,-1
1563434487,7/18/2019 7:21:27,2,20.41725,20.42229,224979,8,-1,-1
1563434490,7/18/2019 7:21:30,2,20.42984,20.43488,227979,8,-1,-1
1563434493,7/18/2019 7:21:33,2,20.41725,20.41725,230979,8,-1,-1
1563434496,7/18/2019 7:21:36,2,20.41473,20.41977,233978,7,-1,-1
1563434499,7/18/2019 7:21:39,2,20.41222,20.41725,236978,7,-1,-1
1563434502,7/18/2019 7:21:42,2,20.4097,20.4097,239978,7,-1,-1
1563434505,7/18/2019 7:21:45,2,20.40215,20.40215,242978,8,-1,-1
1563434508,7/18/2019 7:21:48,2,20.40466,20.40466,245978,8,-1,-1
1563434511,7/18/2019 7:21:51,2,20.40215,20.41725,248978,8,-1,-1
1563434514,7/18/2019 7:21:54,2,20.39963,20.4097,251978,8,-1,-1
1563434517,7/18/2019 7:21:57,2,20.39711,20.41222,254978,8,-1,-1
1563434520,7/18/2019 7:22:0,2,20.39963,20.39459,257979,9,-1,-1
1563434523,7/18/2019 7:22:3,2,20.39207,20.41725,260978,9,-1,-1
1563434526,7/18/2019 7:22:6,2,20.39459,20.38956,263978,8,-1,-1
1563434529,7/18/2019 7:22:9,2,20.40215,20.39711,266978,8,-1,-1
1563434532,7/18/2019 7:22:12,2,20.38956,20.40466,269978,8,-1,-1
1563434535,7/18/2019 7:22:15,2,20.39207,20.39711,272979,8,-1,-1
1563434538,7/18/2019 7:22:18,2,20.38956,20.39459,275978,7,-1,-1
1563434541,7/18/2019 7:22:21,2,20.39207,20.40718,278979,7,-1,-1
1563434544,7/18/2019 7:22:24,2,20.38452,20.39963,281979,7,-1,-1
1563434547,7/18/2019 7:22:27,2,20.39711,20.38704,284978,8,-1,-1
1563434550,7/18/2019 7:22:30,2,20.38956,20.38452,287978,8,-1,-1
1563434553,7/18/2019 7:22:33,2,20.40215,20.39207,290979,8,-1,-1
1563434556,7/18/2019 7:22:36,2,20.37949,20.39459,293979,8,-1,-1
1563434559,7/18/2019 7:22:39,2,20.36186,20.39711,296978,8,-1,-1
1563434562,7/18/2019 7:22:42,2,20.38956,20.37949,299978,8,-1,-1
1563434565,7/18/2019 7:22:45,2,20.382,20.39711,302978,9,-1,-1
1563434568,7/18/2019 7:22:48,2,20.36942,20.38956,305979,8,-1,-1
1563434571,7/18/2019 7:22:51,2,20.37193,20.382,308979,8,-1,-1
1563434574,7/18/2019 7:22:54,2,20.38452,20.36942,311978,8,-1,-1
1563434577,7/18/2019 7:22:57,2,20.36186,20.38704,314978,8,-1,-1
1563434580,7/18/2019 7:23:0,2,20.36942,20.37445,317978,7,-1,-1
1563434583,7/18/2019 7:23:3,2,20.3669,20.38704,320978,6,-1,-1
1563434586,7/18/2019 7:23:6,2,20.35431,20.36942,323978,8,-1,-1
1563434589,7/18/2019 7:23:9,2,20.3669,20.35683,326979,8,-1,-1
1563434592,7/18/2019 7:23:12,2,20.36942,20.36942,329978,8,-1,-1
1563434595,7/18/2019 7:23:15,2,20.3669,20.36186,332978,8,-1,-1
1563434598,7/18/2019 7:23:18,2,20.35431,20.37445,335979,8,-1,-1
1563434601,7/18/2019 7:23:21,2,20.36186,20.3669,338978,9,-1,-1
1563434604,7/18/2019 7:23:24,2,20.35431,20.36942,341978,9,-1,-1
1563434607,7/18/2019 7:23:27,2,20.35179,20.35683,344979,8,-1,-1
1563434610,7/18/2019 7:23:30,2,20.35431,20.36942,347979,8,-1,-1
1563434613,7/18/2019 7:23:33,2,20.35179,20.36186,350978,8,-1,-1
1563434616,7/18/2019 7:23:36,2,20.34927,20.35431,353978,8,-1,-1
1563434619,7/18/2019 7:23:39,2,20.35179,20.35683,356978,8,-1,-1
1563434622,7/18/2019 7:23:42,2,20.3392,20.36438,359978,8,-1,-1
1563434625,7/18/2019 7:23:45,2,20.34676,20.35179,362979,7,-1,-1
1563434628,7/18/2019 7:23:48,2,20.33417,20.34424,365979,7,-1,-1
1563434631,7/18/2019 7:23:51,2,20.34172,20.37193,368978,6,-1,-1
1563434634,7/18/2019 7:23:54,2,20.32913,20.3392,371978,8,-1,-1
1563434637,7/18/2019 7:23:57,2,20.34172,20.33669,374978,8,-1,-1
1563434640,7/18/2019 7:24:0,2,20.33417,20.3392,377978,8,-1,-1
1563434643,7/18/2019 7:24:3,2,20.33165,20.35179,380978,8,-1,-1
1563434646,7/18/2019 7:24:6,2,20.32913,20.35431,383978,8,-1,-1
1563434649,7/18/2019 7:24:9,2,20.33165,20.35179,386979,9,-1,-1
1563434652,7/18/2019 7:24:12,2,20.3392,20.32913,389979,8,-1,-1
1563434655,7/18/2019 7:24:15,2,20.33165,20.33669,392979,8,-1,-1
1563434658,7/18/2019 7:24:18,2,20.32913,20.3392,395978,8,-1,-1
1563434661,7/18/2019 7:24:21,2,20.33669,20.35179,398978,8,-1,-1
1563434664,7/18/2019 7:24:24,2,20.3241,20.35431,401978,8,-1,-1
1563434667,7/18/2019 7:24:27,2,20.32661,20.33165,404979,7,-1,-1
1563434670,7/18/2019 7:24:30,2,20.31403,20.34927,407979,7,-1,-1
1563434673,7/18/2019 7:24:33,2,20.32661,20.33165,410979,6,-1,-1
1563434676,7/18/2019 7:24:36,2,20.33417,20.3392,413978,8,-1,-1
1563434679,7/18/2019 7:24:39,2,20.33165,20.33165,416979,8,-1,-1
1563434682,7/18/2019 7:24:42,2,20.3241,20.35431,419978,8,-1,-1
1563434685,7/18/2019 7:24:45,2,20.32661,20.32661,422978,8,-1,-1
1563434688,7/18/2019 7:24:48,2,20.30396,20.3392,425979,7,-1,-1
1563434691,7/18/2019 7:24:51,2,20.33165,20.33669,428978,8,-1,-1
1563434694,7/18/2019 7:24:54,2,20.32913,20.31906,431979,8,-1,-1
1563434697,7/18/2019 7:24:57,2,20.31654,20.31654,434978,8,-1,-1
1563434700,7/18/2019 7:25:0,2,20.31906,20.3241,437978,8,-1,-1
1563434703,7/18/2019 7:25:3,2,20.30647,20.32661,440978,8,-1,-1
1563434706,7/18/2019 7:25:6,2,20.31906,20.3241,443978,8,-1,-1
1563434709,7/18/2019 7:25:9,2,20.31151,20.32158,446978,7,-1,-1
1563434712,7/18/2019 7:25:12,2,20.29892,20.31906,449978,8,-1,-1
1563434715,7/18/2019 7:25:15,2,20.30144,20.30144,452978,7,-1,-1
1563434718,7/18/2019 7:25:18,2,20.29892,20.31403,455979,7,-1,-1
1563434721,7/18/2019 7:25:21,2,20.2964,20.31654,458978,7,-1,-1
1563434724,7/18/2019 7:25:24,2,20.30396,20.31403,461979,7,-1,-1
1563434727,7/18/2019 7:25:27,2,20.28633,20.31654,464978,7,-1,-1
1563434730,7/18/2019 7:25:30,2,20.28885,20.30899,467978,8,-1,-1
1563434733,7/18/2019 7:25:33,2,20.2964,20.31151,470979,8,-1,-1
1563434736,7/18/2019 7:25:36,2,20.29388,20.29892,473978,8,-1,-1
1563434739,7/18/2019 7:25:39,2,20.30144,20.31151,476978,8,-1,-1
1563434742,7/18/2019 7:25:42,2,20.28381,20.29892,479978,8,-1,-1
1563434745,7/18/2019 7:25:45,2,20.30144,20.30144,482979,8,-1,-1
1563434748,7/18/2019 7:25:48,2,20.28381,20.29388,485978,8,-1,-1
1563434751,7/18/2019 7:25:51,2,20.2964,20.30144,488979,8,-1,-1
1563434754,7/18/2019 7:25:54,2,20.27878,20.29892,491979,8,-1,-1
1563434757,7/18/2019 7:25:57,2,20.27626,20.30144,494978,8,-1,-1
1563434760,7/18/2019 7:26:0,2,20.27878,20.29892,497978,9,-1,-1
1563434763,7/18/2019 7:26:3,2,20.2813,20.2964,500979,8,-1,-1
1563434766,7/18/2019 7:26:6,2,20.27878,20.27374,503978,8,-1,-1
1563434769,7/18/2019 7:26:9,2,20.28633,20.30144,506979,8,-1,-1
1563434772,7/18/2019 7:26:12,2,20.27878,20.29388,509978,7,-1,-1
1563434775,7/18/2019 7:26:15,2,20.2813,20.2964,512979,7,-1,-1
1563434778,7/18/2019 7:26:18,2,20.23849,20.27878,515978,7,-1,-1
1563434781,7/18/2019 7:26:21,2,20.26619,20.28633,518978,8,-1,-1
1563434784,7/18/2019 7:26:24,2,20.26367,20.27374,521979,8,-1,-1
1563434787,7/18/2019 7:26:27,2,20.27626,20.30144,524978,8,-1,-1
1563434790,7/18/2019 7:26:30,2,20.26871,20.29388,527978,8,-1,-1
1563434793,7/18/2019 7:26:33,2,20.26619,20.2813,530979,8,-1,-1
1563434796,7/18/2019 7:26:36,2,20.26871,20.27878,533978,8,-1,-1
1563434799,7/18/2019 7:26:39,2,20.27122,20.29137,536979,8,-1,-1
1563434802,7/18/2019 7:26:42,2,20.25864,20.29388,539978,9,-1,-1
1563434805,7/18/2019 7:26:45,2,20.27122,20.27626,542979,8,-1,-1
1563434808,7/18/2019 7:26:48,2,20.25864,20.26871,545979,8,-1,-1
1563434811,7/18/2019 7:26:51,2,20.27122,20.27626,548978,8,-1,-1
1563434814,7/18/2019 7:26:54,2,20.26871,20.26871,551978,8,-1,-1
1563434817,7/18/2019 7:26:57,2,20.25612,20.27122,554978,7,-1,-1
1563434820,7/18/2019 7:27:0,2,20.2536,20.25864,557978,7,-1,-1
1563434823,7/18/2019 7:27:3,2,20.27122,20.27626,560978,7,-1,-1
1563434826,7/18/2019 7:27:6,2,20.25864,20.27374,563979,8,-1,-1
1563434829,7/18/2019 7:27:9,2,20.26115,20.2813,566978,8,-1,-1
1563434832,7/18/2019 7:27:12,2,20.25864,20.25864,569978,8,-1,-1
1563434835,7/18/2019 7:27:15,2,20.25612,20.27626,572978,8,-1,-1
1563434838,7/18/2019 7:27:18,2,20.24353,20.28381,575978,8,-1,-1
1563434841,7/18/2019 7:27:21,2,20.25612,20.25612,578978,9,-1,-1
1563434844,7/18/2019 7:27:24,2,20.23849,20.26871,581978,8,-1,-1
1563434847,7/18/2019 7:27:27,2,20.24605,20.25612,584978,8,-1,-1
1563434850,7/18/2019 7:27:30,2,20.23346,20.26367,587979,8,-1,-1
1563434853,7/18/2019 7:27:33,2,20.25108,20.24605,590979,8,-1,-1
1563434856,7/18/2019 7:27:36,2,20.24857,20.27878,593979,7,-1,-1
1563434859,7/18/2019 7:27:39,2,20.24101,20.26115,596979,7,-1,-1
1563434862,7/18/2019 7:27:42,2,20.24857,20.25864,599978,7,-1,-1
1563434865,7/18/2019 7:27:45,2,20.23598,20.24605,602978,7,-1,-1
1563434868,7/18/2019 7:27:48,2,20.24857,20.25864,605978,6,-1,-1
1563434871,7/18/2019 7:27:51,2,20.24101,20.26115,608979,8,-1,-1
1563434874,7/18/2019 7:27:54,2,20.23346,20.24353,611979,8,-1,-1
1563434877,7/18/2019 7:27:57,2,20.23598,20.25108,614978,8,-1,-1
1563434880,7/18/2019 7:28:0,2,20.22339,20.23849,617979,8,-1,-1
1563434883,7/18/2019 7:28:3,2,20.23094,20.24605,620978,8,-1,-1
1563434886,7/18/2019 7:28:6,2,20.21332,20.23346,623978,8,-1,-1
1563434889,7/18/2019 7:28:9,2,20.23094,20.25612,626979,8,-1,-1
1563434892,7/18/2019 7:28:12,2,20.23346,20.24857,629978,8,-1,-1
1563434895,7/18/2019 7:28:15,2,20.20576,20.26619,632978,8,-1,-1
1563434898,7/18/2019 7:28:18,2,20.21332,20.2536,635978,8,-1,-1
1563434901,7/18/2019 7:28:21,2,20.22591,20.23598,638978,9,-1,-1
1563434904,7/18/2019 7:28:24,2,20.22339,20.24353,641979,9,-1,-1
1563434907,7/18/2019 7:28:27,2,20.2108,20.23598,644979,9,-1,-1
1563434910,7/18/2019 7:28:30,2,20.22339,20.23849,647978,8,-1,-1
1563434913,7/18/2019 7:28:33,2,20.21584,20.23598,650979,8,-1,-1
1563434916,7/18/2019 7:28:36,2,20.20325,20.23849,653978,8,-1,-1
1563434919,7/18/2019 7:28:39,2,20.21584,20.24101,656978,8,-1,-1
1563434922,7/18/2019 7:28:42,2,20.21332,20.22842,659978,8,-1,-1
1563434925,7/18/2019 7:28:45,2,20.2108,20.22591,662978,8,-1,-1
1563434928,7/18/2019 7:28:48,2,20.21332,20.22842,665978,8,-1,-1
1563434931,7/18/2019 7:28:51,2,20.2108,20.23094,668978,8,-1,-1
1563434934,7/18/2019 7:28:54,2,20.20828,20.23346,671978,8,-1,-1
1563434937,7/18/2019 7:28:57,2,20.2108,20.24101,674979,9,-1,-1
1563434940,7/18/2019 7:29:0,2,20.20828,20.22339,677978,9,-1,-1
1563434943,7/18/2019 7:29:3,2,20.20576,20.22591,680978,9,-1,-1
1563434946,7/18/2019 7:29:6,2,20.20828,20.22842,683979,8,-1,-1
1563434949,7/18/2019 7:29:9,2,20.2108,20.21584,686979,8,-1,-1
1563434952,7/18/2019 7:29:12,2,20.20325,20.23849,689978,8,-1,-1
1563434955,7/18/2019 7:29:15,2,20.2108,20.21584,692979,9,-1,-1
1563434958,7/18/2019 7:29:18,2,20.20325,20.22339,695978,8,-1,-1
1563434961,7/18/2019 7:29:21,2,20.21584,20.22591,698979,8,-1,-1
1563434964,7/18/2019 7:29:24,2,20.20325,20.21835,701978,9,-1,-1
1563434967,7/18/2019 7:29:27,2,20.20073,20.21584,704979,9,-1,-1
1563434970,7/18/2019 7:29:30,2,20.21332,20.22339,707979,9,-1,-1
1563434973,7/18/2019 7:29:33,2,20.2108,20.21584,710979,8,-1,-1
1563434976,7/18/2019 7:29:36,2,20.20828,20.22339,713978,8,-1,-1
1563434979,7/18/2019 7:29:39,2,20.21584,20.22087,716978,8,-1,-1
1563434982,7/18/2019 7:29:42,2,20.20828,20.21835,719979,8,-1,-1
1563434985,7/18/2019 7:29:45,2,20.20576,20.22591,722978,8,-1,-1
1563434988,7/18/2019 7:29:48,2,20.19318,20.21835,725978,8,-1,-1
1563434991,7/18/2019 7:29:51,2,20.21584,20.2108,728979,9,-1,-1
1563434994,7/18/2019 7:29:54,2,20.19318,20.21835,731979,9,-1,-1
1563434997,7/18/2019 7:29:57,2,20.2108,20.22591,734978,9,-1,-1
1563435000,7/18/2019 7:30:0,2,20.20325,20.20828,737979,8,-1,-1
1563435003,7/18/2019 7:30:3,2,20.20576,20.2108,740979,8,-1,-1
1563435006,7/18/2019 7:30:6,2,20.18814,20.20828,743978,8,-1,-1
1563435009,7/18/2019 7:30:9,2,20.19569,20.21584,746978,8,-1,-1
1563435012,7/18/2019 7:30:12,2,20.18814,20.20828,749979,8,-1,-1
1563435015,7/18/2019 7:30:15,2,20.19066,20.20576,752978,8,-1,-1
1563435018,7/18/2019 7:30:18,2,20.19318,20.21332,755978,8,-1,-1
1563435021,7/18/2019 7:30:21,2,20.19569,20.20073,758979,8,-1,-1
1563435024,7/18/2019 7:30:24,2,20.19821,20.19821,761978,8,-1,-1
1563435027,7/18/2019 7:30:27,2,20.18562,20.19569,764978,8,-1,-1
1563435030,7/18/2019 7:30:30,2,20.19318,20.20828,767979,8,-1,-1
1563435033,7/18/2019 7:30:33,2,20.19569,20.2108,770979,8,-1,-1
1563435036,7/18/2019 7:30:36,2,20.19318,20.20828,773979,8,-1,-1
1563435039,7/18/2019 7:30:39,2,20.19569,20.22591,776978,8,-1,-1
1563435042,7/18/2019 7:30:42,2,20.17807,20.21835,779979,8,-1,-1
1563435045,7/18/2019 7:30:45,2,20.19569,20.20576,782979,8,-1,-1
1563435048,7/18/2019 7:30:48,2,20.18311,20.21332,785978,8,-1,-1
1563435051,7/18/2019 7:30:51,2,20.19569,20.20576,788978,8,-1,-1
1563435054,7/18/2019 7:30:54,2,20.18311,20.20325,791978,8,-1,-1
1563435057,7/18/2019 7:30:57,2,20.19569,20.20576,794979,8,-1,-1
1563435060,7/18/2019 7:31:0,2,20.19318,20.20325,797979,8,-1,-1
1563435063,7/18/2019 7:31:3,2,20.2108,20.21584,800978,8,-1,-1
1563435066,7/18/2019 7:31:6,2,20.19318,20.21332,803978,8,-1,-1
1563435069,7/18/2019 7:31:9,2,20.19066,20.21584,806979,8,-1,-1
1563435072,7/18/2019 7:31:12,2,20.18814,20.21332,809978,7,-1,-1
1563435075,7/18/2019 7:31:15,2,20.19066,20.22591,812979,6,-1,-1
1563435078,7/18/2019 7:31:18,2,20.18311,20.20828,815979,7,-1,-1
1563435081,7/18/2019 7:31:21,2,20.19066,20.21584,818978,7,-1,-1
1563435084,7/18/2019 7:31:24,2,20.19821,20.20828,821979,7,-1,-1
1563435087,7/18/2019 7:31:27,2,20.19569,20.22087,824979,7,-1,-1
1563435090,7/18/2019 7:31:30,2,20.19318,20.20828,827978,7,-1,-1
1563435093,7/18/2019 7:31:33,2,20.19569,20.23094,830979,7,-1,-1
1563435096,7/18/2019 7:31:36,2,20.19318,20.22339,833979,7,-1,-1
1563435099,7/18/2019 7:31:39,2,20.20073,20.20576,836978,7,-1,-1
1563435102,7/18/2019 7:31:42,2,20.19821,20.19821,839978,6,-1,-1
1563435105,7/18/2019 7:31:45,2,20.20073,20.22087,842979,7,-1,-1
1563435108,7/18/2019 7:31:48,2,20.19821,20.21332,845979,8,-1,-1
1563435111,7/18/2019 7:31:51,2,20.20073,20.2108,848978,8,-1,-1
1563435114,7/18/2019 7:31:54,2,20.19318,20.21332,851979,8,-1,-1
1563435117,7/18/2019 7:31:57,2,20.18562,20.2108,854979,8,-1,-1
1563435120,7/18/2019 7:32:0,2,20.19318,20.19821,857979,8,-1,-1
1563435123,7/18/2019 7:32:3,2,20.18562,20.21584,860979,7,-1,-1
1563435126,7/18/2019 7:32:6,2,20.18311,20.21332,863978,7,-1,-1
1563435129,7/18/2019 7:32:9,2,20.19569,20.21584,866978,7,-1,-1
1563435132,7/18/2019 7:32:12,2,20.18814,20.22339,869978,8,-1,-1
1563435135,7/18/2019 7:32:15,2,20.18562,20.20576,872978,8,-1,-1
1563435138,7/18/2019 7:32:18,2,20.18311,20.20828,875979,8,-1,-1
1563435141,7/18/2019 7:32:21,2,20.20073,20.2108,878978,8,-1,-1
1563435144,7/18/2019 7:32:24,2,20.17807,20.21332,881979,8,-1,-1
1563435147,7/18/2019 7:32:27,2,20.17555,20.19066,884978,8,-1,-1
1563435150,7/18/2019 7:32:30,2,20.18311,20.21332,887979,8,-1,-1
1563435153,7/18/2019 7:32:33,2,20.18562,20.20576,890979,8,-1,-1
1563435156,7/18/2019 7:32:36,2,20.18311,20.21835,893979,8,-1,-1
1563435159,7/18/2019 7:32:39,2,20.19066,20.2108,896978,8,-1,-1
1563435162,7/18/2019 7:32:42,2,20.18311,20.19821,899978,8,-1,-1
1563435165,7/18/2019 7:32:45,2,20.19066,20.20073,902978,8,-1,-1
1563435168,7/18/2019 7:32:48,2,20.18311,20.19318,905979,8,-1,-1
1563435171,7/18/2019 7:32:51,2,20.19066,20.20576,908978,8,-1,-1
1563435174,7/18/2019 7:32:54,2,20.18311,20.20828,911979,8,-1,-1
1563435177,7/18/2019 7:32:57,2,20.19066,20.20073,914978,8,-1,-1
1563435180,7/18/2019 7:33:0,2,20.18311,20.19318,917979,8,-1,-1
1563435183,7/18/2019 7:33:3,2,20.19066,20.19569,920978,8,-1,-1
1563435186,7/18/2019 7:33:6,2,20.18814,20.18311,923978,8,-1,-1
1563435189,7/18/2019 7:33:9,2,20.18059,20.20073,926978,9,-1,-1
1563435192,7/18/2019 7:33:12,2,20.17807,20.19821,929978,9,-1,-1
1563435195,7/18/2019 7:33:15,2,20.17555,20.2108,932979,9,-1,-1
1563435198,7/18/2019 7:33:18,2,20.17303,20.19318,935978,8,-1,-1
1563435201,7/18/2019 7:33:21,2,20.19569,20.19066,938978,8,-1,-1
1563435204,7/18/2019 7:33:24,2,20.19318,20.19318,941978,8,-1,-1
1563435207,7/18/2019 7:33:27,2,20.18562,20.21584,944978,8,-1,-1
1563435210,7/18/2019 7:33:30,2,20.17807,20.20325,947979,8,-1,-1
1563435213,7/18/2019 7:33:33,2,20.18562,20.19569,950979,8,-1,-1
1563435216,7/18/2019 7:33:36,2,20.168,20.20828,953978,8,-1,-1
1563435219,7/18/2019 7:33:39,2,20.16548,20.19066,956979,8,-1,-1
1563435222,7/18/2019 7:33:42,2,20.17303,20.18814,959978,8,-1,-1
1563435225,7/18/2019 7:33:45,2,20.17052,20.19569,962979,7,-1,-1
1563435228,7/18/2019 7:33:48,2,20.15793,20.18311,965979,8,-1,-1
1563435231,7/18/2019 7:33:51,2,20.18059,20.18059,968978,8,-1,-1
1563435234,7/18/2019 7:33:54,2,20.17807,20.18311,971978,8,-1,-1
1563435237,7/18/2019 7:33:57,2,20.16548,20.17052,974979,8,-1,-1
1563435240,7/18/2019 7:34:0,2,20.15793,20.19318,977979,8,-1,-1
1563435243,7/18/2019 7:34:3,2,20.17555,20.18562,980979,8,-1,-1
1563435246,7/18/2019 7:34:6,2,20.15793,20.17807,983978,8,-1,-1
1563435249,7/18/2019 7:34:9,2,20.17052,20.19066,986979,8,-1,-1
1563435252,7/18/2019 7:34:12,2,20.17303,20.18814,989978,8,-1,-1
1563435255,7/18/2019 7:34:15,2,20.17052,20.19066,992978,8,-1,-1
1563435258,7/18/2019 7:34:18,2,20.168,20.19318,995978,8,-1,-1
1563435261,7/18/2019 7:34:21,2,20.16548,20.19066,998978,8,-1,-1
1563435264,7/18/2019 7:34:24,2,20.168,20.18311,1001979,8,-1,-1
1563435267,7/18/2019 7:34:27,2,20.16045,20.19569,1004978,8,-1,-1
1563435270,7/18/2019 7:34:30,2,20.16296,20.18311,1007978,8,-1,-1
1563435273,7/18/2019 7:34:33,2,20.17052,20.19569,1010979,8,-1,-1
1563435276,7/18/2019 7:34:36,2,20.168,20.17303,1013978,7,-1,-1
1563435279,7/18/2019 7:34:39,2,20.18059,20.20073,1016978,7,-1,-1
1563435282,7/18/2019 7:34:42,2,20.16296,20.18311,1019979,7,-1,-1
1563435285,7/18/2019 7:34:45,2,20.17052,20.17052,1022978,7,-1,-1
1563435288,7/18/2019 7:34:48,2,20.16296,20.18311,1025978,7,-1,-1
1563435291,7/18/2019 7:34:51,2,20.16548,20.18059,1028979,8,-1,-1
1563435294,7/18/2019 7:34:54,2,20.168,20.19318,1031979,8,-1,-1
1563435297,7/18/2019 7:34:57,2,20.15541,20.17052,1034979,8,-1,-1
1563435300,7/18/2019 7:35:0,2,20.15793,20.17807,1037978,8,-1,-1
1563435303,7/18/2019 7:35:3,2,20.16045,20.18059,1040978,8,-1,-1
1563435306,7/18/2019 7:35:6,2,20.15289,20.17807,1043978,8,-1,-1
1563435309,7/18/2019 7:35:9,2,20.17052,20.17555,1046978,8,-1,-1
1563435312,7/18/2019 7:35:12,2,20.15793,20.18311,1049978,8,-1,-1
1563435315,7/18/2019 7:35:15,2,20.16548,20.18562,1052978,7,-1,-1
1563435318,7/18/2019 7:35:18,2,20.16296,20.18311,1055979,7,-1,-1
1563435321,7/18/2019 7:35:21,2,20.15541,20.16548,1058978,7,-1,-1
1563435324,7/18/2019 7:35:24,2,20.15289,20.17303,1061978,7,-1,-1
1563435327,7/18/2019 7:35:27,2,20.15541,20.18562,1064978,7,-1,-1
1563435330,7/18/2019 7:35:30,2,20.15793,20.168,1067979,7,-1,-1
1563435333,7/18/2019 7:35:33,2,20.15038,20.16548,1070979,7,-1,-1
1563435336,7/18/2019 7:35:36,2,20.168,20.16296,1073979,6,-1,-1
1563435339,7/18/2019 7:35:39,2,20.13527,20.18059,1076978,7,-1,-1
1563435342,7/18/2019 7:35:42,2,20.15289,20.17807,1079978,7,-1,-1
1563435345,7/18/2019 7:35:45,2,20.16045,20.18562,1082978,7,-1,-1
1563435348,7/18/2019 7:35:48,2,20.16296,20.19318,1085978,8,-1,-1
1563435351,7/18/2019 7:35:51,2,20.16045,20.19066,1088978,8,-1,-1
1563435354,7/18/2019 7:35:54,2,20.15793,20.168,1091978,8,-1,-1
1563435357,7/18/2019 7:35:57,2,20.15541,20.18059,1094978,8,-1,-1
1563435360,7/18/2019 7:36:0,2,20.15289,20.19318,1097978,8,-1,-1
1563435363,7/18/2019 7:36:3,2,20.16548,20.17555,1100978,9,-1,-1
1563435366,7/18/2019 7:36:6,2,20.168,20.18311,1103979,9,-1,-1
1563435369,7/18/2019 7:36:9,2,20.18562,20.18562,1106979,9,-1,-1
1563435372,7/18/2019 7:36:12,2,20.16296,20.17807,1109979,8,-1,-1
1563435375,7/18/2019 7:36:15,2,20.16548,20.18059,1112979,9,-1,-1
1563435378,7/18/2019 7:36:18,2,20.16296,20.17807,1115978,8,-1,-1
1563435381,7/18/2019 7:36:21,2,20.16045,20.17555,1118978,8,-1,-1
1563435384,7/18/2019 7:36:24,2,20.168,20.17807,1121978,9,-1,-1
1563435387,7/18/2019 7:36:27,2,20.17052,20.19569,1124979,9,-1,-1
1563435390,7/18/2019 7:36:30,2,20.14786,20.168,1127979,8,-1,-1
1563435393,7/18/2019 7:36:33,2,20.16045,20.18059,1130978,8,-1,-1
1563435396,7/18/2019 7:36:36,2,20.15289,20.168,1133979,8,-1,-1
1563435399,7/18/2019 7:36:39,2,20.14534,20.17555,1136978,8,-1,-1
1563435402,7/18/2019 7:36:42,2,20.16296,20.168,1139979,8,-1,-1
1563435405,7/18/2019 7:36:45,2,20.15541,20.17052,1142978,8,-1,-1
1563435408,7/18/2019 7:36:48,2,20.14282,20.18311,1145979,8,-1,-1
1563435411,7/18/2019 7:36:51,2,20.16045,20.19569,1148978,9,-1,-1
1563435414,7/18/2019 7:36:54,2,20.15793,20.18311,1151978,9,-1,-1
1563435417,7/18/2019 7:36:57,2,20.15038,20.18059,1154979,8,-1,-1
1563435420,7/18/2019 7:37:0,2,20.14786,20.17303,1157978,8,-1,-1
1563435423,7/18/2019 7:37:3,2,20.15038,20.18562,1160979,8,-1,-1
1563435426,7/18/2019 7:37:6,2,20.15289,20.168,1163979,8,-1,-1
1563435429,7/18/2019 7:37:9,2,20.14534,20.18059,1166979,8,-1,-1
1563435432,7/18/2019 7:37:12,2,20.15289,20.17303,1169979,8,-1,-1
1563435435,7/18/2019 7:37:15,2,20.15541,20.17052,1172978,6,-1,-1
1563435438,7/18/2019 7:37:18,2,20.14282,20.168,1175979,7,-1,-1
1563435441,7/18/2019 7:37:21,2,20.14534,20.17555,1178979,7,-1,-1
1563435444,7/18/2019 7:37:24,2,20.15289,20.16296,1181978,7,-1,-1
1563435447,7/18/2019 7:37:27,2,20.1403,20.16548,1184978,6,-1,-1
1563435450,7/18/2019 7:37:30,2,20.14282,20.15289,1187979,7,-1,-1
1563435453,7/18/2019 7:37:33,2,20.14534,20.18059,1190979,7,-1,-1
1563435456,7/18/2019 7:37:36,2,20.13275,20.16296,1193978,7,-1,-1
1563435459,7/18/2019 7:37:39,2,20.13527,20.16548,1196979,7,-1,-1
1563435462,7/18/2019 7:37:42,2,20.13275,20.14786,1199978,6,-1,-1
1563435465,7/18/2019 7:37:45,2,20.13527,20.16045,1202979,7,-1,-1
1563435468,7/18/2019 7:37:48,2,20.13779,20.14282,1205978,7,-1,-1
1563435471,7/18/2019 7:37:51,2,20.13527,20.15541,1208978,6,-1,-1
1563435474,7/18/2019 7:37:54,2,20.12268,20.15289,1211979,7,-1,-1
1563435477,7/18/2019 7:37:57,2,20.11513,20.15038,1214978,7,-1,-1
1563435480,7/18/2019 7:38:0,2,20.12268,20.14786,1217979,8,-1,-1
1563435483,7/18/2019 7:38:3,2,20.1252,20.16045,1220978,8,-1,-1
1563435486,7/18/2019 7:38:6,2,20.12268,20.14786,1223978,8,-1,-1
1563435489,7/18/2019 7:38:9,2,20.13023,20.15038,1226978,8,-1,-1
1563435492,7/18/2019 7:38:12,2,20.12268,20.15289,1229978,8,-1,-1
1563435495,7/18/2019 7:38:15,2,20.1403,20.13527,1232979,8,-1,-1
1563435498,7/18/2019 7:38:18,2,20.13275,20.15793,1235979,9,-1,-1
1563435501,7/18/2019 7:38:21,2,20.1252,20.1403,1238979,9,-1,-1
1563435504,7/18/2019 7:38:24,2,20.12772,20.14282,1241979,8,-1,-1
1563435507,7/18/2019 7:38:27,2,20.12016,20.1403,1244978,8,-1,-1
1563435510,7/18/2019 7:38:30,2,20.11765,20.14786,1247978,8,-1,-1
1563435513,7/18/2019 7:38:33,2,20.12016,20.13527,1250978,8,-1,-1
1563435516,7/18/2019 7:38:36,2,20.11765,20.15289,1253978,8,-1,-1
1563435519,7/18/2019 7:38:39,2,20.1252,20.13527,1256978,8,-1,-1
1563435522,7/18/2019 7:38:42,2,20.11765,20.15289,1259979,8,-1,-1
1563435525,7/18/2019 7:38:45,2,20.11009,20.14534,1262978,8,-1,-1
1563435528,7/18/2019 7:38:48,2,20.12268,20.12772,1265979,8,-1,-1
1563435531,7/18/2019 7:38:51,2,20.11513,20.1403,1268979,8,-1,-1
1563435534,7/18/2019 7:38:54,2,20.12772,20.13275,1271978,8,-1,-1
1563435537,7/18/2019 7:38:57,2,20.11513,20.1403,1274978,8,-1,-1
1563435540,7/18/2019 7:39:0,2,20.0975,20.13275,1277978,7,-1,-1
1563435543,7/18/2019 7:39:3,2,20.11009,20.15541,1280979,6,-1,-1
1563435546,7/18/2019 7:39:6,2,20.10757,20.11261,1283979,7,-1,-1
1563435549,7/18/2019 7:39:9,2,20.11009,20.1403,1286978,7,-1,-1
1563435552,7/18/2019 7:39:12,2,20.10757,20.12268,1289978,7,-1,-1
1563435555,7/18/2019 7:39:15,2,20.12016,20.13023,1292978,8,-1,-1
1563435558,7/18/2019 7:39:18,2,20.10254,20.12268,1295978,8,-1,-1
1563435561,7/18/2019 7:39:21,2,20.11009,20.13023,1298978,8,-1,-1
1563435564,7/18/2019 7:39:24,2,20.10254,20.11261,1301979,8,-1,-1
1563435567,7/18/2019 7:39:27,2,20.10506,20.13527,1304978,8,-1,-1
1563435570,7/18/2019 7:39:30,2,20.09247,20.13779,1307978,8,-1,-1
1563435573,7/18/2019 7:39:33,2,20.10506,20.13023,1310978,8,-1,-1
1563435576,7/18/2019 7:39:36,2,20.10254,20.11765,1313978,8,-1,-1
1563435579,7/18/2019 7:39:39,2,20.10002,20.1403,1316978,8,-1,-1
1563435582,7/18/2019 7:39:42,2,20.10254,20.12772,1319978,8,-1,-1
1563435585,7/18/2019 7:39:45,2,20.10506,20.11513,1322979,8,-1,-1
1563435588,7/18/2019 7:39:48,2,20.10757,20.12772,1325979,8,-1,-1
1563435591,7/18/2019 7:39:51,2,20.11009,20.1403,1328978,8,-1,-1
1563435594,7/18/2019 7:39:54,2,20.11261,20.12268,1331979,8,-1,-1
1563435597,7/18/2019 7:39:57,2,20.09499,20.11009,1334978,8,-1,-1
1563435600,7/18/2019 7:40:0,2,20.11261,20.12268,1337978,8,-1,-1
1563435603,7/18/2019 7:40:3,2,20.10506,20.1252,1340978,8,-1,-1
1563435606,7/18/2019 7:40:6,2,20.10757,20.11765,1343978,8,-1,-1
1563435609,7/18/2019 7:40:9,2,20.10506,20.1252,1346978,8,-1,-1
1563435612,7/18/2019 7:40:12,2,20.10254,20.13275,1349978,8,-1,-1
1563435615,7/18/2019 7:40:15,2,20.11009,20.1252,1352978,8,-1,-1
1563435618,7/18/2019 7:40:18,2,20.10254,20.11765,1355979,7,-1,-1
1563435621,7/18/2019 7:40:21,2,20.11009,20.1252,1358978,7,-1,-1
1563435624,7/18/2019 7:40:24,2,20.0975,20.12268,1361979,8,-1,-1
1563435627,7/18/2019 7:40:27,2,20.11513,20.11009,1364978,8,-1,-1
1563435630,7/18/2019 7:40:30,2,20.10254,20.11261,1367978,8,-1,-1
1563435633,7/18/2019 7:40:33,2,20.11009,20.11513,1370978,8,-1,-1
1563435636,7/18/2019 7:40:36,2,20.10254,20.12772,1373979,9,-1,-1
1563435639,7/18/2019 7:40:39,2,20.10506,20.13527,1376979,8,-1,-1
1563435642,7/18/2019 7:40:42,2,20.10757,20.12772,1379979,8,-1,-1
1563435645,7/18/2019 7:40:45,2,20.10002,20.13527,1382978,8,-1,-1
1563435648,7/18/2019 7:40:48,2,20.0975,20.11261,1385978,8,-1,-1
1563435651,7/18/2019 7:40:51,2,20.10002,20.11513,1388979,8,-1,-1
1563435654,7/18/2019 7:40:54,2,20.09247,20.11765,1391979,6,-1,-1
1563435657,7/18/2019 7:40:57,2,20.09499,20.12016,1394978,7,-1,-1
1563435660,7/18/2019 7:41:0,2,20.0975,20.10757,1397978,8,-1,-1
1563435663,7/18/2019 7:41:3,2,20.08492,20.10506,1400979,8,-1,-1
1563435666,7/18/2019 7:41:6,2,20.09247,20.10757,1403978,8,-1,-1
1563435669,7/18/2019 7:41:9,2,20.10002,20.11009,1406978,8,-1,-1
1563435672,7/18/2019 7:41:12,2,20.09247,20.11261,1409979,8,-1,-1
1563435675,7/18/2019 7:41:15,2,20.09499,20.10506,1412978,9,-1,-1
1563435678,7/18/2019 7:41:18,2,20.08743,20.10757,1415979,9,-1,-1
1563435681,7/18/2019 7:41:21,2,20.08492,20.11009,1418979,8,-1,-1
1563435684,7/18/2019 7:41:24,2,20.07736,20.10254,1421979,8,-1,-1
1563435687,7/18/2019 7:41:27,2,20.08995,20.1252,1424978,8,-1,-1
1563435690,7/18/2019 7:41:30,2,20.0824,20.10254,1427979,8,-1,-1
1563435693,7/18/2019 7:41:33,2,20.09499,20.10506,1430979,7,-1,-1
1563435696,7/18/2019 7:41:36,2,20.0824,20.10254,1433978,7,-1,-1
1563435699,7/18/2019 7:41:39,2,20.08492,20.1252,1436978,7,-1,-1
1563435702,7/18/2019 7:41:42,2,20.07233,20.08743,1439978,8,-1,-1
1563435705,7/18/2019 7:41:45,2,20.07988,20.10506,1442978,7,-1,-1
1563435708,7/18/2019 7:41:48,2,20.07736,20.0975,1445978,8,-1,-1
1563435711,7/18/2019 7:41:51,2,20.08995,20.09499,1448979,8,-1,-1
1563435714,7/18/2019 7:41:54,2,20.07233,20.09247,1451978,8,-1,-1
1563435717,7/18/2019 7:41:57,2,20.08492,20.10506,1454978,8,-1,-1
1563435720,7/18/2019 7:42:0,2,20.07736,20.08743,1457978,8,-1,-1
1563435723,7/18/2019 7:42:3,2,20.08492,20.08995,1460979,8,-1,-1
1563435726,7/18/2019 7:42:6,2,20.04211,20.10254,1463979,8,-1,-1
1563435729,7/18/2019 7:42:9,2,20.07484,20.10002,1466979,9,-1,-1
1563435732,7/18/2019 7:42:12,2,20.07736,20.10254,1469978,9,-1,-1
1563435735,7/18/2019 7:42:15,2,20.02953,20.09499,1472978,9,-1,-1
1563435738,7/18/2019 7:42:18,2,20.06729,20.10254,1475979,8,-1,-1
1563435741,7/18/2019 7:42:21,2,20.07484,20.10002,1478978,8,-1,-1
1563435744,7/18/2019 7:42:24,2,20.06729,20.10757,1481978,8,-1,-1
1563435747,7/18/2019 7:42:27,2,20.07484,20.10002,1484978,8,-1,-1
1563435750,7/18/2019 7:42:30,2,20.07736,20.09247,1487978,8,-1,-1
1563435753,7/18/2019 7:42:33,2,20.07988,20.09499,1490978,8,-1,-1
1563435756,7/18/2019 7:42:36,2,20.06226,20.10254,1493979,8,-1,-1
1563435759,7/18/2019 7:42:39,2,20.07484,20.10002,1496978,8,-1,-1
1563435762,7/18/2019 7:42:42,2,20.08743,20.10254,1499978,8,-1,-1
1563435765,7/18/2019 7:42:45,2,20.08995,20.11009,1502978,6,-1,-1
1563435768,7/18/2019 7:42:48,2,20.06729,20.10757,1505979,7,-1,-1
1563435771,7/18/2019 7:42:51,2,20.07484,20.10002,1508978,7,-1,-1
1563435774,7/18/2019 7:42:54,2,20.0824,20.10757,1511978,7,-1,-1
1563435777,7/18/2019 7:42:57,2,20.07484,20.08995,1514978,7,-1,-1
1563435780,7/18/2019 7:43:0,2,20.08743,20.09247,1517979,8,-1,-1
1563435783,7/18/2019 7:43:3,2,20.07484,20.10002,1520978,8,-1,-1
1563435786,7/18/2019 7:43:6,2,20.07736,20.08743,1523978,8,-1,-1
1563435789,7/18/2019 7:43:9,2,20.08492,20.08995,1526978,8,-1,-1
1563435792,7/18/2019 7:43:12,2,20.08743,20.11261,1529978,8,-1,-1
1563435795,7/18/2019 7:43:15,2,20.08492,20.10002,1532978,8,-1,-1
1563435798,7/18/2019 7:43:18,2,20.08743,20.10757,1535978,8,-1,-1
1563435801,7/18/2019 7:43:21,2,20.07988,20.10002,1538978,9,-1,-1
1563435804,7/18/2019 7:43:24,2,20.07233,20.08743,1541979,9,-1,-1
1563435807,7/18/2019 7:43:27,2,20.08492,20.08995,1544978,8,-1,-1
1563435810,7/18/2019 7:43:30,2,20.07233,20.10254,1547979,8,-1,-1
1563435813,7/18/2019 7:43:33,2,20.08492,20.09499,1550979,8,-1,-1
1563435816,7/18/2019 7:43:36,2,20.0824,20.09247,1553978,8,-1,-1
1563435819,7/18/2019 7:43:39,2,20.07988,20.10002,1556978,9,-1,-1
1563435822,7/18/2019 7:43:42,2,20.07233,20.0975,1559978,8,-1,-1
1563435825,7/18/2019 7:43:45,2,20.07988,20.10506,1562978,8,-1,-1
1563435828,7/18/2019 7:43:48,2,20.0824,20.08743,1565979,8,-1,-1
1563435831,7/18/2019 7:43:51,2,20.07484,20.08492,1568979,8,-1,-1
1563435834,7/18/2019 7:43:54,2,20.06729,20.08743,1571978,8,-1,-1
1563435837,7/18/2019 7:43:57,2,20.07484,20.09499,1574978,8,-1,-1
1563435840,7/18/2019 7:44:0,2,20.08743,20.11765,1577978,9,-1,-1
1563435843,7/18/2019 7:44:3,2,20.06981,20.08492,1580978,9,-1,-1
1563435846,7/18/2019 7:44:6,2,20.06226,20.0824,1583978,8,-1,-1
1563435849,7/18/2019 7:44:9,2,20.06477,20.10002,1586978,9,-1,-1
1563435852,7/18/2019 7:44:12,2,20.06226,20.08743,1589978,9,-1,-1
1563435855,7/18/2019 7:44:15,2,20.07988,20.08995,1592978,9,-1,-1
1563435858,7/18/2019 7:44:18,2,20.07736,20.0975,1595979,9,-1,-1
1563435861,7/18/2019 7:44:21,2,20.08492,20.10002,1598978,9,-1,-1
1563435864,7/18/2019 7:44:24,2,20.05722,20.08743,1601978,9,-1,-1
1563435867,7/18/2019 7:44:27,2,20.06477,20.09499,1604978,8,-1,-1
1563435870,7/18/2019 7:44:30,2,20.06226,20.0975,1607978,8,-1,-1
1563435873,7/18/2019 7:44:33,2,20.06981,20.07988,1610978,8,-1,-1
1563435876,7/18/2019 7:44:36,2,20.07233,20.0824,1613978,8,-1,-1
1563435879,7/18/2019 7:44:39,2,20.07484,20.08995,1616978,8,-1,-1
1563435882,7/18/2019 7:44:42,2,20.05722,20.0975,1619979,8,-1,-1
1563435885,7/18/2019 7:44:45,2,20.06477,20.08995,1622979,8,-1,-1
1563435888,7/18/2019 7:44:48,2,20.05722,20.09247,1625978,8,-1,-1
1563435891,7/18/2019 7:44:51,2,20.06477,20.08492,1628978,8,-1,-1
1563435894,7/18/2019 7:44:54,2,20.06226,20.09247,1631978,8,-1,-1
1563435897,7/18/2019 7:44:57,2,20.05974,20.08995,1634978,8,-1,-1
1563435900,7/18/2019 7:45:0,2,20.06226,20.07736,1637978,8,-1,-1
1563435903,7/18/2019 7:45:3,2,20.06981,20.08995,1640978,8,-1,-1
1563435906,7/18/2019 7:45:6,2,20.06226,20.07736,1643979,8,-1,-1
1563435909,7/18/2019 7:45:9,2,20.07484,20.08492,1646978,8,-1,-1
1563435912,7/18/2019 7:45:12,2,20.06729,20.08743,1649978,8,-1,-1
1563435915,7/18/2019 7:45:15,2,20.06477,20.07988,1652978,8,-1,-1
1563435918,7/18/2019 7:45:18,2,20.05722,20.07736,1655979,9,-1,-1
1563435921,7/18/2019 7:45:21,2,20.06981,20.09499,1658979,9,-1,-1
1563435924,7/18/2019 7:45:24,2,20.04715,20.0975,1661978,8,-1,-1
1563435927,7/18/2019 7:45:27,2,20.04463,20.07988,1664979,9,-1,-1
1563435930,7/18/2019 7:45:30,2,20.05722,20.06729,1667979,8,-1,-1
1563435933,7/18/2019 7:45:33,2,20.05974,20.07484,1670979,8,-1,-1
1563435936,7/18/2019 7:45:36,2,20.06226,20.07233,1673978,8,-1,-1
1563435939,7/18/2019 7:45:39,2,20.04967,20.10002,1676979,8,-1,-1
1563435942,7/18/2019 7:45:42,2,20.05722,20.08743,1679978,8,-1,-1
1563435945,7/18/2019 7:45:45,2,20.0547,20.08995,1682978,9,-1,-1
1563435948,7/18/2019 7:45:48,2,20.05722,20.09247,1685978,8,-1,-1
1563435951,7/18/2019 7:45:51,2,20.06477,20.08492,1688978,8,-1,-1
1563435954,7/18/2019 7:45:54,2,20.05722,20.08743,1691978,9,-1,-1
1563435957,7/18/2019 7:45:57,2,20.06477,20.07988,1694979,8,-1,-1
1563435960,7/18/2019 7:46:0,2,20.06226,20.06226,1697979,8,-1,-1
1563435963,7/18/2019 7:46:3,2,20.05974,20.08492,1700978,8,-1,-1
1563435966,7/18/2019 7:46:6,2,20.05219,20.07233,1703978,8,-1,-1
1563435969,7/18/2019 7:46:9,2,20.06477,20.07988,1706978,8,-1,-1
1563435972,7/18/2019 7:46:12,2,20.06729,20.0824,1709978,8,-1,-1
1563435975,7/18/2019 7:46:15,2,20.04967,20.06477,1712979,7,-1,-1
1563435978,7/18/2019 7:46:18,2,20.05722,20.06729,1715979,7,-1,-1
1563435981,7/18/2019 7:46:21,2,20.0547,20.07484,1718978,7,-1,-1
1563435984,7/18/2019 7:46:24,2,20.06226,20.05722,1721978,7,-1,-1
1563435987,7/18/2019 7:46:27,2,20.0547,20.07484,1724979,8,-1,-1
1563435990,7/18/2019 7:46:30,2,20.05219,20.06729,1727979,8,-1,-1
1563435993,7/18/2019 7:46:33,2,20.0547,20.06981,1730979,8,-1,-1
1563435996,7/18/2019 7:46:36,2,20.04715,20.07233,1733979,8,-1,-1
1563435999,7/18/2019 7:46:39,2,20.04967,20.05974,1736978,8,-1,-1
1563436002,7/18/2019 7:46:42,2,20.05722,20.05722,1739979,8,-1,-1
1563436005,7/18/2019 7:46:45,2,20.04967,20.07484,1742979,7,-1,-1
1563436008,7/18/2019 7:46:48,2,20.04211,20.07736,1745979,8,-1,-1
1563436011,7/18/2019 7:46:51,2,20.0547,20.05974,1748978,8,-1,-1
1563436014,7/18/2019 7:46:54,2,20.05722,20.06729,1751978,9,-1,-1
1563436017,7/18/2019 7:46:57,2,20.04967,20.06981,1754978,8,-1,-1
1563436020,7/18/2019 7:47:0,2,20.03708,20.06729,1757979,8,-1,-1
1563436023,7/18/2019 7:47:3,2,20.04463,20.05974,1760979,8,-1,-1
1563436026,7/18/2019 7:47:6,2,20.04715,20.05722,1763978,8,-1,-1
1563436029,7/18/2019 7:47:9,2,20.0396,20.07988,1766979,8,-1,-1
1563436032,7/18/2019 7:47:12,2,20.04715,20.06729,1769978,8,-1,-1
1563436035,7/18/2019 7:47:15,2,20.0547,20.07484,1772978,7,-1,-1
1563436038,7/18/2019 7:47:18,2,20.05219,20.06226,1775978,7,-1,-1
1563436041,7/18/2019 7:47:21,2,20.06981,20.06981,1778978,7,-1,-1
1563436044,7/18/2019 7:47:24,2,20.05219,20.06226,1781979,7,-1,-1
1563436047,7/18/2019 7:47:27,2,20.05974,20.07988,1784978,6,-1,-1
1563436050,7/18/2019 7:47:30,2,20.04715,20.07233,1787978,6,-1,-1
1563436053,7/18/2019 7:47:33,2,20.04967,20.07484,1790979,8,-1,-1
1563436056,7/18/2019 7:47:36,2,20.05219,20.06226,1793978,8,-1,-1
1563436059,7/18/2019 7:47:39,2,20.04967,20.06981,1796979,8,-1,-1
1563436062,7/18/2019 7:47:42,2,20.05722,20.0824,1799978,8,-1,-1
1563436065,7/18/2019 7:47:45,2,20.54817,21.1071,2979,8,-1,-1
1563436068,7/18/2019 7:47:48,2,22.23755,23.81866,5979,8,-1,-1
1563436071,7/18/2019 7:47:51,2,23.52409,25.77995,8978,8,-1,-1
1563436074,7/18/2019 7:47:54,2,24.15604,26.67374,11978,8,-1,-1
1563436077,7/18/2019 7:47:57,2,23.22197,24.91386,14978,9,-1,-1
1563436080,7/18/2019 7:48:0,2,22.64038,23.40576,17978,9,-1,-1
1563436083,7/18/2019 7:48:3,2,22.03865,22.48177,20978,9,-1,-1
1563436086,7/18/2019 7:48:6,2,21.64337,21.88507,23978,8,-1,-1
1563436089,7/18/2019 7:48:9,2,21.37901,21.48979,26979,8,-1,-1
1563436092,7/18/2019 7:48:12,2,21.18011,21.2355,29978,8,-1,-1
1563436095,7/18/2019 7:48:15,2,21.06682,21.05171,32978,8,-1,-1
1563436098,7/18/2019 7:48:18,2,20.95352,20.96863,35979,8,-1,-1
1563436101,7/18/2019 7:48:21,2,20.85533,20.83015,38979,8,-1,-1
1563436104,7/18/2019 7:48:24,2,20.77225,20.74707,41979,8,-1,-1
1563436107,7/18/2019 7:48:27,2,20.71434,20.68413,44979,8,-1,-1
1563436110,7/18/2019 7:48:30,2,20.6665,20.63629,47979,8,-1,-1
1563436113,7/18/2019 7:48:33,2,20.63377,20.58846,50978,8,-1,-1
1563436116,7/18/2019 7:48:36,2,20.58594,20.55573,53978,8,-1,-1
1563436119,7/18/2019 7:48:39,2,20.54817,20.51796,56978,8,-1,-1
1563436122,7/18/2019 7:48:42,2,20.50537,20.48019,59978,8,-1,-1
1563436125,7/18/2019 7:48:45,2,20.49278,20.46761,62978,8,-1,-1
1563436128,7/18/2019 7:48:48,2,20.48019,20.43991,65979,8,-1,-1
1563436131,7/18/2019 7:48:51,2,20.45753,20.41725,68978,7,-1,-1
1563436134,7/18/2019 7:48:54,2,20.43488,20.39459,71978,7,-1,-1
1563436137,7/18/2019 7:48:57,2,20.44243,20.382,74978,7,-1,-1
1563436140,7/18/2019 7:49:0,2,20.40466,20.39963,77978,7,-1,-1
1563436143,7/18/2019 7:49:3,2,20.38704,20.37697,80978,7,-1,-1
1563436146,7/18/2019 7:49:6,2,20.38452,20.35431,83978,7,-1,-1
1563436149,7/18/2019 7:49:9,2,20.37193,20.35179,86978,7,-1,-1
1563436152,7/18/2019 7:49:12,2,20.36438,20.34424,89978,7,-1,-1
1563436155,7/18/2019 7:49:15,2,20.36186,20.33669,92978,7,-1,-1
1563436158,7/18/2019 7:49:18,2,20.35431,20.3241,95979,7,-1,-1
1563436161,7/18/2019 7:49:21,2,20.33669,20.31654,98978,7,-1,-1
1563436164,7/18/2019 7:49:24,2,20.31403,20.3241,101979,7,-1,-1
1563436167,7/18/2019 7:49:27,2,20.33669,20.30144,104979,7,-1,-1
1563436170,7/18/2019 7:49:30,2,20.3241,20.31403,107978,7,-1,-1
1563436173,7/18/2019 7:49:33,2,20.31151,20.31654,110979,8,-1,-1
1563436176,7/18/2019 7:49:36,2,20.3241,20.28885,113978,8,-1,-1
1563436179,7/18/2019 7:49:39,2,20.31151,20.29137,116978,8,-1,-1
1563436182,7/18/2019 7:49:42,2,20.31403,20.28885,119978,8,-1,-1
1563436185,7/18/2019 7:49:45,2,20.30647,20.30144,122979,7,-1,-1
1563436188,7/18/2019 7:49:48,2,20.29892,20.28381,125978,8,-1,-1
1563436191,7/18/2019 7:49:51,2,20.29137,20.2813,128978,8,-1,-1
1563436194,7/18/2019 7:49:54,2,20.27374,20.27374,131978,8,-1,-1
1563436197,7/18/2019 7:49:57,2,20.28633,20.2813,134978,8,-1,-1
1563436200,7/18/2019 7:50:0,2,20.28885,20.26871,137979,7,-1,-1
1563436203,7/18/2019 7:50:3,2,20.27626,20.26619,140979,8,-1,-1
1563436206,7/18/2019 7:50:6,2,20.27374,20.28381,143979,7,-1,-1
1563436209,7/18/2019 7:50:9,2,20.26619,20.27122,146979,7,-1,-1
1563436212,7/18/2019 7:50:12,2,20.26871,20.25864,149979,7,-1,-1
1563436215,7/18/2019 7:50:15,2,20.26619,20.24605,152979,6,-1,-1
1563436218,7/18/2019 7:50:18,2,20.22842,20.26871,155978,7,-1,-1
1563436221,7/18/2019 7:50:21,2,20.26115,20.25612,158979,7,-1,-1
1563436224,7/18/2019 7:50:24,2,20.24353,20.24857,161978,7,-1,-1
1563436227,7/18/2019 7:50:27,2,20.25108,20.24605,164978,7,-1,-1
1563436230,7/18/2019 7:50:30,2,20.24857,20.2536,167979,7,-1,-1
1563436233,7/18/2019 7:50:33,2,20.24605,20.23094,170979,6,-1,-1
1563436236,7/18/2019 7:50:36,2,20.23346,20.24857,173979,7,-1,-1
1563436239,7/18/2019 7:50:39,2,20.25612,20.25108,176979,6,-1,-1
1563436242,7/18/2019 7:50:42,2,20.23346,20.23346,179979,7,-1,-1
1563436245,7/18/2019 7:50:45,2,20.23094,20.22591,182979,7,-1,-1
1563436248,7/18/2019 7:50:48,2,20.23346,20.22842,185978,8,-1,-1
1563436251,7/18/2019 7:50:51,2,20.22087,20.22087,188978,8,-1,-1
1563436254,7/18/2019 7:50:54,2,20.21835,20.21835,191978,8,-1,-1
1563436257,7/18/2019 7:50:57,2,20.21584,20.22087,194978,8,-1,-1
1563436260,7/18/2019 7:51:0,2,20.21332,20.20325,197978,8,-1,-1
1563436263,7/18/2019 7:51:3,2,20.20576,20.20576,200978,9,-1,-1
1563436266,7/18/2019 7:51:6,2,20.19821,20.20828,203978,8,-1,-1
1563436269,7/18/2019 7:51:9,2,20.2108,20.20576,206979,8,-1,-1
1563436272,7/18/2019 7:51:12,2,20.19318,20.20325,209979,8,-1,-1
1563436275,7/18/2019 7:51:15,2,20.19569,20.19569,212978,7,-1,-1
1563436278,7/18/2019 7:51:18,2,20.19318,20.19821,215979,8,-1,-1
1563436281,7/18/2019 7:51:21,2,20.19066,20.19569,218979,8,-1,-1
1563436284,7/18/2019 7:51:24,2,20.19318,20.18814,221979,8,-1,-1
1563436287,7/18/2019 7:51:27,2,20.17555,20.18562,224979,8,-1,-1
1563436290,7/18/2019 7:51:30,2,20.18814,20.18311,227979,7,-1,-1
1563436293,7/18/2019 7:51:33,2,20.19569,20.19569,230978,8,-1,-1
1563436296,7/18/2019 7:51:36,2,20.18814,20.17807,233979,8,-1,-1
1563436299,7/18/2019 7:51:39,2,20.19066,20.19066,236979,7,-1,-1
1563436302,7/18/2019 7:51:42,2,20.17807,20.20325,239978,7,-1,-1
1563436305,7/18/2019 7:51:45,2,20.18562,20.18562,242978,7,-1,-1
1563436308,7/18/2019 7:51:48,2,20.17807,20.18311,245978,7,-1,-1
1563436311,7/18/2019 7:51:51,2,20.17052,20.18059,248978,7,-1,-1
1563436314,7/18/2019 7:51:54,2,20.17303,20.19318,251978,8,-1,-1
1563436317,7/18/2019 7:51:57,2,20.16045,20.16045,254979,8,-1,-1
1563436320,7/18/2019 7:52:0,2,20.168,20.16296,257979,8,-1,-1
1563436323,7/18/2019 7:52:3,2,20.16548,20.16548,260978,8,-1,-1
1563436326,7/18/2019 7:52:6,2,20.17303,20.17303,263979,8,-1,-1
1563436329,7/18/2019 7:52:9,2,20.16045,20.18059,266978,8,-1,-1
1563436332,7/18/2019 7:52:12,2,20.16296,20.16296,269978,8,-1,-1
1563436335,7/18/2019 7:52:15,2,20.15541,20.17052,272978,8,-1,-1
1563436338,7/18/2019 7:52:18,2,20.15289,20.16296,275978,8,-1,-1
1563436341,7/18/2019 7:52:21,2,20.15038,20.15038,278978,8,-1,-1
1563436344,7/18/2019 7:52:24,2,20.13779,20.15793,281979,8,-1,-1
1563436347,7/18/2019 7:52:27,2,20.14534,20.15038,284978,8,-1,-1
1563436350,7/18/2019 7:52:30,2,20.13779,20.13779,287978,8,-1,-1
1563436353,7/18/2019 7:52:33,2,20.14534,20.13527,290978,8,-1,-1
1563436356,7/18/2019 7:52:36,2,20.13275,20.14786,293978,8,-1,-1
1563436359,7/18/2019 7:52:39,2,20.13527,20.1403,296979,8,-1,-1
1563436362,7/18/2019 7:52:42,2,20.11765,20.13779,299978,8,-1,-1
1563436365,7/18/2019 7:52:45,2,20.1252,20.13023,302979,8,-1,-1
1563436368,7/18/2019 7:52:48,2,20.12772,20.15289,305979,8,-1,-1
1563436371,7/18/2019 7:52:51,2,20.1252,20.1252,308978,8,-1,-1
1563436374,7/18/2019 7:52:54,2,20.11261,20.11261,311978,8,-1,-1
1563436377,7/18/2019 7:52:57,2,20.13023,20.1252,314979,9,-1,-1
1563436380,7/18/2019 7:53:0,2,20.12268,20.11765,317978,8,-1,-1
1563436383,7/18/2019 7:53:3,2,20.11009,20.12016,320978,8,-1,-1
1563436386,7/18/2019 7:53:6,2,20.11765,20.11765,323978,8,-1,-1
1563436389,7/18/2019 7:53:9,2,20.10506,20.12016,326978,8,-1,-1
1563436392,7/18/2019 7:53:12,2,20.10757,20.11765,329979,8,-1,-1
1563436395,7/18/2019 7:53:15,2,20.10506,20.11513,332978,8,-1,-1
1563436398,7/18/2019 7:53:18,2,20.10757,20.10254,335979,8,-1,-1
1563436401,7/18/2019 7:53:21,2,20.10506,20.11513,338979,8,-1,-1
1563436404,7/18/2019 7:53:24,2,20.0975,20.11261,341979,8,-1,-1
1563436407,7/18/2019 7:53:27,2,20.08492,20.11009,344978,7,-1,-1
1563436410,7/18/2019 7:53:30,2,20.0824,20.10254,347979,7,-1,-1
1563436413,7/18/2019 7:53:33,2,20.08995,20.08995,350979,7,-1,-1
1563436416,7/18/2019 7:53:36,2,20.08743,20.10254,353978,8,-1,-1
1563436419,7/18/2019 7:53:39,2,20.09499,20.09499,356979,7,-1,-1
1563436422,7/18/2019 7:53:42,2,20.0975,20.0975,359978,7,-1,-1
1563436425,7/18/2019 7:53:45,2,20.07988,20.08492,362978,8,-1,-1
1563436428,7/18/2019 7:53:48,2,20.07233,20.0975,365978,8,-1,-1
1563436431,7/18/2019 7:53:51,2,20.07988,20.09499,368979,8,-1,-1
1563436434,7/18/2019 7:53:54,2,20.07736,20.0824,371978,8,-1,-1
1563436437,7/18/2019 7:53:57,2,20.06981,20.09499,374978,8,-1,-1
1563436440,7/18/2019 7:54:0,2,20.06226,20.06729,377978,8,-1,-1
1563436443,7/18/2019 7:54:3,2,20.07988,20.08492,380978,8,-1,-1
1563436446,7/18/2019 7:54:6,2,20.06729,20.07736,383979,8,-1,-1
1563436449,7/18/2019 7:54:9,2,20.07988,20.08995,386979,8,-1,-1
1563436452,7/18/2019 7:54:12,2,20.06729,20.07736,389978,8,-1,-1
1563436455,7/18/2019 7:54:15,2,20.07988,20.08492,392979,8,-1,-1
1563436458,7/18/2019 7:54:18,2,20.07233,20.07233,395978,8,-1,-1
1563436461,7/18/2019 7:54:21,2,20.07484,20.08995,398979,8,-1,-1
1563436464,7/18/2019 7:54:24,2,20.06729,20.08743,401979,8,-1,-1
1563436467,7/18/2019 7:54:27,2,20.08492,20.08492,404978,8,-1,-1
1563436470,7/18/2019 7:54:30,2,20.05722,20.0824,407978,8,-1,-1
1563436473,7/18/2019 7:54:33,2,20.07988,20.06477,410978,9,-1,-1
1563436476,7/18/2019 7:54:36,2,20.05722,20.08743,413978,9,-1,-1
1563436479,7/18/2019 7:54:39,2,20.05974,20.08995,416978,7,-1,-1
1563436482,7/18/2019 7:54:42,2,20.04715,20.07736,419978,8,-1,-1
1563436485,7/18/2019 7:54:45,2,20.0547,20.06477,422979,8,-1,-1
1563436488,7/18/2019 7:54:48,2,20.05722,20.06226,425978,8,-1,-1
1563436491,7/18/2019 7:54:51,2,20.05974,20.06477,428978,8,-1,-1
1563436494,7/18/2019 7:54:54,2,20.04211,20.06226,431979,7,-1,-1
1563436497,7/18/2019 7:54:57,2,20.04967,20.06477,434978,7,-1,-1
1563436500,7/18/2019 7:55:0,2,20.05722,20.05219,437979,6,-1,-1
1563436503,7/18/2019 7:55:3,2,20.04967,20.06477,440978,7,-1,-1
1563436506,7/18/2019 7:55:6,2,20.04715,20.05722,443978,7,-1,-1
1563436509,7/18/2019 7:55:9,2,20.04967,20.05974,446979,8,-1,-1
1563436512,7/18/2019 7:55:12,2,20.04715,20.06226,449978,8,-1,-1
1563436515,7/18/2019 7:55:15,2,20.0396,20.06981,452979,8,-1,-1
1563436518,7/18/2019 7:55:18,2,20.03204,20.04715,455978,8,-1,-1
1563436521,7/18/2019 7:55:21,2,20.04463,20.0547,458978,7,-1,-1
1563436524,7/18/2019 7:55:24,2,20.04211,20.05722,461978,8,-1,-1
1563436527,7/18/2019 7:55:27,2,20.0396,20.04463,464978,8,-1,-1
1563436530,7/18/2019 7:55:30,2,20.04211,20.05219,467978,8,-1,-1
1563436533,7/18/2019 7:55:33,2,20.04967,20.04463,470978,8,-1,-1
1563436536,7/18/2019 7:55:36,2,20.03708,20.05722,473979,8,-1,-1
1563436539,7/18/2019 7:55:39,2,20.04967,20.04967,476979,8,-1,-1
1563436542,7/18/2019 7:55:42,2,20.02701,20.04211,479979,8,-1,-1
1563436545,7/18/2019 7:55:45,2,20.04463,20.04463,482978,8,-1,-1
1563436548,7/18/2019 7:55:48,2,20.04211,20.03708,485979,9,-1,-1
1563436551,7/18/2019 7:55:51,2,20.03456,20.06477,488978,9,-1,-1
1563436554,7/18/2019 7:55:54,2,20.03204,20.04715,491978,8,-1,-1
1563436557,7/18/2019 7:55:57,2,20.02953,20.0396,494979,8,-1,-1
1563436560,7/18/2019 7:56:0,2,20.02197,20.04211,497979,8,-1,-1
1563436563,7/18/2019 7:56:3,2,20.0396,20.04463,500978,8,-1,-1
1563436566,7/18/2019 7:56:6,2,20.01694,20.04211,503978,8,-1,-1
1563436569,7/18/2019 7:56:9,2,20.02449,20.03456,506978,8,-1,-1
1563436572,7/18/2019 7:56:12,2,20.02701,20.03204,509978,8,-1,-1
1563436575,7/18/2019 7:56:15,2,20.02449,20.02449,512979,9,-1,-1
1563436578,7/18/2019 7:56:18,2,20.00687,20.03204,515979,8,-1,-1
1563436581,7/18/2019 7:56:21,2,20.01442,20.02449,518979,8,-1,-1
1563436584,7/18/2019 7:56:24,2,20.00183,20.03708,521978,8,-1,-1
1563436587,7/18/2019 7:56:27,2,20.01442,20.0396,524978,8,-1,-1
1563436590,7/18/2019 7:56:30,2,20.00687,20.0119,527978,8,-1,-1
1563436593,7/18/2019 7:56:33,2,20.00435,20.03456,530979,8,-1,-1
1563436596,7/18/2019 7:56:36,2,19.9968,20.00183,533978,8,-1,-1
1563436599,7/18/2019 7:56:39,2,19.99931,20.01945,536978,8,-1,-1
1563436602,7/18/2019 7:56:42,2,20.00687,20.00687,539978,8,-1,-1
1563436605,7/18/2019 7:56:45,2,19.99931,20.00435,542979,8,-1,-1
1563436608,7/18/2019 7:56:48,2,20.00183,20.0119,545978,7,-1,-1
1563436611,7/18/2019 7:56:51,2,20.00435,20.01945,548978,7,-1,-1
1563436614,7/18/2019 7:56:54,2,19.99176,20.0119,551978,7,-1,-1
1563436617,7/18/2019 7:56:57,2,19.99931,20.01945,554979,7,-1,-1
1563436620,7/18/2019 7:57:0,2,19.9968,20.00183,557979,7,-1,-1
1563436623,7/18/2019 7:57:3,2,20.00938,20.01442,560978,7,-1,-1
1563436626,7/18/2019 7:57:6,2,19.99176,19.9968,563979,7,-1,-1
1563436629,7/18/2019 7:57:9,2,20.00435,20.00938,566979,7,-1,-1
1563436632,7/18/2019 7:57:12,2,20.00183,20.01694,569979,7,-1,-1
1563436635,7/18/2019 7:57:15,2,19.98421,20.00938,572978,7,-1,-1
1563436638,7/18/2019 7:57:18,2,19.99176,20.00687,575979,7,-1,-1
1563436641,7/18/2019 7:57:21,2,19.99428,20.00938,578979,7,-1,-1
1563436644,7/18/2019 7:57:24,2,20.00183,20.00687,581978,8,-1,-1
1563436647,7/18/2019 7:57:27,2,19.98924,20.00435,584979,8,-1,-1
1563436650,7/18/2019 7:57:30,2,19.98672,19.9968,587978,8,-1,-1
1563436653,7/18/2019 7:57:33,2,19.98924,20.00435,590978,8,-1,-1
1563436656,7/18/2019 7:57:36,2,19.97162,20.00687,593978,8,-1,-1
1563436659,7/18/2019 7:57:39,2,19.98924,19.99428,596978,8,-1,-1
1563436662,7/18/2019 7:57:42,2,19.98169,19.99176,599978,8,-1,-1
1563436665,7/18/2019 7:57:45,2,19.98924,19.99428,602978,8,-1,-1
1563436668,7/18/2019 7:57:48,2,19.97162,19.98169,605979,8,-1,-1
1563436671,7/18/2019 7:57:51,2,19.97917,20.00938,608978,7,-1,-1
1563436674,7/18/2019 7:57:54,2,19.96658,19.97665,611979,7,-1,-1
1563436677,7/18/2019 7:57:57,2,19.9691,19.99428,614978,8,-1,-1
1563436680,7/18/2019 7:58:0,2,19.96658,19.98672,617979,8,-1,-1
1563436683,7/18/2019 7:58:3,2,19.97414,19.99428,620978,8,-1,-1
1563436686,7/18/2019 7:58:6,2,19.97162,20.00687,623978,8,-1,-1
1563436689,7/18/2019 7:58:9,2,19.97414,19.98421,626978,8,-1,-1
1563436692,7/18/2019 7:58:12,2,19.97665,19.99176,629979,8,-1,-1
1563436695,7/18/2019 7:58:15,2,19.98421,19.99931,632978,8,-1,-1
1563436698,7/18/2019 7:58:18,2,19.98169,19.98169,635978,8,-1,-1
1563436701,7/18/2019 7:58:21,2,19.97917,20.01945,638978,8,-1,-1
1563436704,7/18/2019 7:58:24,2,19.97162,19.97665,641978,8,-1,-1
1563436707,7/18/2019 7:58:27,2,19.97414,20.00435,644979,8,-1,-1
1563436710,7/18/2019 7:58:30,2,19.97162,20.00183,647978,8,-1,-1
1563436713,7/18/2019 7:58:33,2,19.9691,19.99931,650979,8,-1,-1
1563436716,7/18/2019 7:58:36,2,19.96155,19.98672,653979,8,-1,-1
1563436719,7/18/2019 7:58:39,2,19.97917,19.99428,656978,8,-1,-1
1563436722,7/18/2019 7:58:42,2,19.96658,19.97162,659978,8,-1,-1
1563436725,7/18/2019 7:58:45,2,19.99428,19.97414,662978,8,-1,-1
1563436728,7/18/2019 7:58:48,2,19.95651,19.9968,665978,8,-1,-1
1563436731,7/18/2019 7:58:51,2,19.95903,19.98421,668978,9,-1,-1
1563436734,7/18/2019 7:58:54,2,19.96155,19.97665,671978,8,-1,-1
1563436737,7/18/2019 7:58:57,2,19.97414,19.98924,674978,9,-1,-1
1563436740,7/18/2019 7:59:0,2,19.97162,19.97162,677979,8,-1,-1
1563436743,7/18/2019 7:59:3,2,19.94896,19.9691,680979,8,-1,-1
1563436746,7/18/2019 7:59:6,2,19.96155,19.97665,683979,8,-1,-1
1563436749,7/18/2019 7:59:9,2,19.97917,19.97414,686979,8,-1,-1
1563436752,7/18/2019 7:59:12,2,19.95148,19.96155,689978,8,-1,-1
1563436755,7/18/2019 7:59:15,2,19.95903,19.97414,692979,8,-1,-1
1563436758,7/18/2019 7:59:18,2,19.95148,19.96658,695978,7,-1,-1
1563436761,7/18/2019 7:59:21,2,19.96407,19.96407,698978,8,-1,-1
1563436764,7/18/2019 7:59:24,2,19.95651,19.95651,701978,7,-1,-1
1563436767,7/18/2019 7:59:27,2,19.94896,19.9691,704978,6,-1,-1
1563436770,7/18/2019 7:59:30,2,19.95148,19.96155,707979,7,-1,-1
1563436773,7/18/2019 7:59:33,2,19.94392,19.9691,710979,7,-1,-1
1563436776,7/18/2019 7:59:36,2,19.94644,19.97162,713979,7,-1,-1
1563436779,7/18/2019 7:59:39,2,19.94896,19.96407,716979,8,-1,-1
1563436782,7/18/2019 7:59:42,2,19.94644,19.96658,719978,8,-1,-1
1563436785,7/18/2019 7:59:45,2,19.94896,19.95399,722979,8,-1,-1
1563436788,7/18/2019 7:59:48,2,19.93637,19.96155,725978,8,-1,-1
1563436791,7/18/2019 7:59:51,2,19.93385,19.93385,728978,8,-1,-1
1563436794,7/18/2019 7:59:54,2,19.93134,19.96658,731978,8,-1,-1
1563436797,7/18/2019 7:59:57,2,19.96407,19.94392,734979,7,-1,-1
