Date,ETo_in,ETr_in,Accu_ETo_in,Accu_ETr_in
 2020-08-04, 0.27334, 0.37565, 0.27334,0.37565.
 2020-08-05, 0.27799, 0.38386, 0.55133,0.75951.
 2020-08-06, 0.25059, 0.37023, 0.80192,1.12974.
 2020-08-07, 0.24344, 0.34013, 1.04536,1.46987.
 2020-08-08, 0.23795, 0.32587, 1.28331,1.79574.
 2020-08-09, 0.26473, 0.37133, 1.54804,2.16707.
 2020-08-10, 0.29897, 0.42965, 1.84701,2.59672.
 2020-08-11, 0.32364, 0.48279, 2.17065,3.07951.
 2020-08-12, 0.26241, 0.38038, 2.43306,3.45989.
 2020-08-13, 0.21541, 0.29784, 2.64847,3.75773.
 2020-08-14, 0.25571, 0.35751, 2.90418,4.11524.
 2020-08-15, 0.25301, 0.34908, 3.15719,4.46432.
 2020-08-16, 0.22143, 0.30984, 3.37862,4.77416.
 2020-08-17, 0.28766, 0.41423, 3.66628,5.18839.
 2020-08-18, 0.27749, 0.39943, 3.94377,5.58782.
 2020-08-19, 0.29555, 0.43671, 4.23932,6.02453.
 2020-08-20, 0.24470, 0.35801, 4.48402,6.38254.
 2020-08-21, 0.24355, 0.36098, 4.72757,6.74352.
 2020-08-22, 0.26025, 0.37537, 4.98782,7.11889.
 2020-08-23, 0.22477, 0.31134, 5.21259,7.43023.
 2020-08-24, 0.24081, 0.34108, 5.4534,7.77131.
 2020-08-25, 0.24856, 0.35557, 5.70196,8.12688.
 2020-08-26, 0.24955, 0.35967, 5.95151,8.48655.
 2020-08-27, 0.24869, 0.35990, 6.2002,8.84645.
 2020-08-28, 0.25052, 0.36377, 6.45072,9.21022.
 2020-08-29, 0.25282, 0.38270, 6.70354,9.59292.
 2020-08-30, 0.25093, 0.37660, 6.95447,9.96952.
 2020-08-31, 0.19873, 0.27859, 7.1532,10.24811.
 2020-09-01, 0.24079, 0.34587, 7.39399,10.59398.
 2020-09-02, 0.25082, 0.37164, 7.64481,10.96562.
 2020-09-03, 0.20565, 0.28884, 7.85046,11.25446.
 2020-09-04, 0.17576, 0.24042, 8.02622,11.49488.
 2020-09-05, 0.21312, 0.30535, 8.23934,11.80023.
 2020-09-06, 0.25251, 0.37539, 8.49185,12.17562.
 2020-09-07, 0.24332, 0.37650, 8.73517,12.55212.
 2020-09-08, 0.16155, 0.23605, 8.89672,12.78817.
 2020-09-09, 0.16266, 0.23227, 9.05938,13.02044.
 2020-09-10, 0.15616, 0.21541, 9.21554,13.23585.
 2020-09-11, 0.13511, 0.18508, 9.35065,13.42093.
 2020-09-12, 0.12174, 0.16635, 9.47239,13.58728.
 2020-09-13, 0.09356, 0.12744, 9.56595,13.71472.
 2020-09-14, 0.09474, 0.13254, 9.66069,13.84726.
 2020-09-15, 0.12537, 0.16685, 9.78606,14.01411.
 2020-09-16, 0.10701, 0.14190, 9.89307,14.15601.
 2020-09-17, 0.09755, 0.12775, 9.99062,14.28376.
 2020-09-18, 0.10871, 0.15329, 10.09933,14.43705.
 2020-09-19, 0.12867, 0.18290, 10.228,14.61995.
 2020-09-20, 0.14195, 0.19869, 10.36995,14.81864.
 2020-09-21, 0.09872, 0.13476, 10.46867,14.9534.
 2020-09-22, 0.13651, 0.19234, 10.60518,15.14574.
 2020-09-23, 0.05967, 0.08704, 10.66485,15.23278.
 2020-09-24, 0.17400, 0.26770, 10.83885,15.50048.
 2020-09-25, 0.09388, 0.13631, 10.93273,15.63679.
 2020-09-26, 0.11622, 0.17081, 11.04895,15.8076.
 2020-09-27, 0.09916, 0.13706, 11.14811,15.94466.
 2020-09-28, 0.10284, 0.13905, 11.25095,16.08371.
 2020-09-29, 0.11194, 0.15311, 11.36289,16.23682.
 2020-09-30, 0.09100, 0.11829, 11.45389,16.35511.
 2020-10-01, 0.08166, 0.10748, 11.53555,16.46259.
 2020-10-02, 0.09178, 0.12196, 11.62733,16.58455.
 2020-10-03, 0.09533, 0.12864, 11.72266,16.71319.
 2020-10-04, 0.11789, 0.17190, 11.84055,16.88509.
 2020-10-05, 0.12651, 0.19006, 11.96706,17.07515.
 2020-10-06, 0.10771, 0.15226, 12.07477,17.22741.
 2020-10-07, 0.09145, 0.12648, 12.16622,17.35389.
 2020-10-08, 0.14351, 0.22411, 12.30973,17.578.
 2020-10-09, 0.11132, 0.16914, 12.42105,17.74714.
 2020-10-10, 0.16285, 0.26159, 12.5839,18.00873.
 2020-10-11, 0.07511, 0.11355, 12.65901,18.12228.
 2020-10-12, 0.09536, 0.14476, 12.75437,18.26704.
 2020-10-13, 0.08504, 0.13124, 12.83941,18.39828.
 2020-10-14, 0.08894, 0.13568, 12.92835,18.53396.
 2020-10-15, 0.07284, 0.10967, 13.00119,18.64363.
 2020-10-16, 0.08997, 0.13877, 13.09116,18.7824.
 2020-10-17, 0.11336, 0.18062, 13.20452,18.96302.
 2020-10-18, 0.06191, 0.09123, 13.26643,19.05425.
 2020-10-19, 0.08561, 0.13346, 13.35204,19.18771.
 2020-10-20, 0.07830, 0.12269, 13.43034,19.3104.
 2020-10-21, 0.06879, 0.10745, 13.49913,19.41785.
 2020-10-22, 0.05787, 0.08996, 13.557,19.50781.
 2020-10-23, 0.01516, 0.02077, 13.57216,19.52858.
 2020-10-24, 0.04868, 0.07528, 13.62084,19.60386.
 2020-10-25, 0.04928, 0.07808, 13.67012,19.68194.
 2020-10-26, 0.03857, 0.05878, 13.70869,19.74072.
 2020-10-27, 0.02929, 0.04238, 13.73798,19.7831.
 2020-10-28, 0.03664, 0.05417, 13.77462,19.83727.
 2020-10-29, 0.03786, 0.05568, 13.81248,19.89295.
 2020-10-30, 0.09034, 0.14912, 13.90282,20.04207.
 2020-10-31, 0.04688, 0.07468, 13.9497,20.11675.
 2020-11-01, 0.03563, 0.05468, 13.98533,20.17143.
 2020-11-02, 0.03146, 0.04750, 14.01679,20.21893.
 2020-11-03, 0.01642, 0.02069, 14.03321,20.23962.
 2020-11-04, 0.02941, 0.04244, 14.06262,20.28206.
 2020-11-05, 0.10089, 0.16532, 14.16351,20.44738.
 2020-11-06, 0.05009, 0.08137, 14.2136,20.52875.
 2020-11-07, 0.04519, 0.07358, 14.25879,20.60233.
 2020-11-08, 0.07147, 0.12146, 14.33026,20.72379.
 2020-11-09, 0.02494, 0.03820, 14.3552,20.76199.
 2020-11-10, 0.02660, 0.04170, 14.3818,20.80369.
 2020-11-11, 0.02406, 0.03974, 14.40586,20.84343.
 2020-11-12, 0.02087, 0.03223, 14.42673,20.87566.
 2020-11-13, 0.03693, 0.05781, 14.46366,20.93347.
 2020-11-14, 0.04529, 0.07547, 14.50895,21.00894.
 2020-11-15, 0.02999, 0.05002, 14.53894,21.05896.
 2020-11-16, 0.00635, 0.00993, 14.54529,21.06889.
 2020-11-17, 0.01957, 0.02752, 14.56486,21.09641.
 2020-11-18, 0.02840, 0.04551, 14.59326,21.14192.
 2020-11-19, 0.03319, 0.05703, 14.62645,21.19895.
 2020-11-20, 0.01488, 0.02363, 14.64133,21.22258.
 2020-11-21, 0.01388, 0.02154, 14.65521,21.24412.
 2020-11-22, 0.01355, 0.01801, 14.66876,21.26213.
 2020-11-23, 0.01356, 0.01888, 14.68232,21.28101.
 2020-11-24, 0.01493, 0.02380, 14.69725,21.30481.
 2020-11-25, 0.01421, 0.02310, 14.71146,21.32791.
 2020-11-26, 0.01259, 0.01766, 14.72405,21.34557.
 2020-11-27, 0.00970, 0.01453, 14.73375,21.3601.
 2020-11-28, 0.01482, 0.02699, 14.74857,21.38709.
 2020-11-29, 0.01584, 0.02229, 14.76441,21.40938.
 2020-11-30, 0.01745, 0.02925, 14.78186,21.43863.
 2020-12-01, 0.01598, 0.02928, 14.79784,21.46791.
 2020-12-02, 0.01189, 0.02197, 14.80973,21.48988.
 2020-12-03, 0.00913, 0.01548, 14.81886,21.50536.
 2020-12-04, 0.00996, 0.01833, 14.82882,21.52369.
 2020-12-05, 0.01121, 0.01511, 14.84003,21.5388.
 2020-12-06, 0.01153, 0.01918, 14.85156,21.55798.
 2020-12-07, 0.01280, 0.01949, 14.86436,21.57747.
 2020-12-08, 0.01073, 0.01594, 14.87509,21.59341.
 2020-12-09, 0.01031, 0.01277, 14.8854,21.60618.
 2020-12-10, 0.00867, 0.01329, 14.89407,21.61947.
 2020-12-11, 0.00837, 0.01161, 14.90244,21.63108.
 2020-12-12, 0.01214, 0.02278, 14.91458,21.65386.
 2020-12-13, 0.01254, 0.01746, 14.92712,21.67132.
 2020-12-14, 0.01083, 0.01475, 14.93795,21.68607.
 2020-12-15, 0.01078, 0.01536, 14.94873,21.70143.
 2020-12-16, 0.01117, 0.01553, 14.9599,21.71696.
 2020-12-17, 0.00453, 0.00746, 14.96443,21.72442.
 2020-12-18, 0.01271, 0.01771, 14.97714,21.74213.
 2020-12-19, 0.03941, 0.06481, 15.01655,21.80694.
 2020-12-20, 0.07045, 0.12060, 15.087,21.92754.
 2020-12-21, 0.01573, 0.02323, 15.10273,21.95077.
 2020-12-22, 0.03723, 0.06758, 15.13996,22.01835.
 2020-12-23, 0.01324, 0.02469, 15.1532,22.04304.
 2020-12-24, 0.00888, 0.01707, 15.16208,22.06011.
 2020-12-25, 0.00903, 0.01329, 15.17111,22.0734.
 2020-12-26, 0.00968, 0.01366, 15.18079,22.08706.
 2020-12-27, 0.01136, 0.01527, 15.19215,22.10233.
 2020-12-28, 0.01037, 0.01356, 15.20252,22.11589.
 2020-12-29, 0.00847, 0.01209, 15.21099,22.12798.
 2020-12-30, 0.01109, 0.01476, 15.22208,22.14274.
 2020-12-31, 0.00852, 0.01378, 15.2306,22.15652.
 2021-01-01, 0.00907, 0.01201, 15.23967,22.16853.
 2021-01-02, 0.01839, 0.02743, 15.25806,22.19596.
 2021-01-03, 0.03509, 0.06246, 15.29315,22.25842.
 2021-01-04, 0.00586, 0.01021, 15.29901,22.26863.
 2021-01-05, 0.01384, 0.01905, 15.31285,22.28768.
 2021-01-06, 0.01032, 0.01349, 15.32317,22.30117.
 2021-01-07, 0.01402, 0.01946, 15.33719,22.32063.
 2021-01-08, 0.01031, 0.01254, 15.3475,22.33317.
 2021-01-09, 0.01113, 0.01432, 15.35863,22.34749.
 2021-01-10, 0.01195, 0.01618, 15.37058,22.36367.
 2021-01-11, 0.00721, 0.00927, 15.37779,22.37294.
 2021-01-12, 0.00873, 0.01071, 15.38652,22.38365.
 2021-01-13, 0.07126, 0.12146, 15.45778,22.50511.
 2021-01-14, 0.01991, 0.03294, 15.47769,22.53805.
 2021-01-15, 0.01779, 0.02852, 15.49548,22.56657.
 2021-01-16, 0.01163, 0.01998, 15.50711,22.58655.
 2021-01-17, 0.01559, 0.02634, 15.5227,22.61289.
 2021-01-18, 0.02094, 0.03680, 15.54364,22.64969.
 2021-01-19, 0.01609, 0.02608, 15.55973,22.67577.
 2021-01-20, 0.01633, 0.02252, 15.57606,22.69829.
 2021-01-21, 0.01965, 0.02994, 15.59571,22.72823.
 2021-01-22, 0.02150, 0.03679, 15.61721,22.76502.
 2021-01-23, 0.01603, 0.02702, 15.63324,22.79204.
 2021-01-24, 0.01470, 0.02066, 15.64794,22.8127.
 2021-01-25, 0.01271, 0.01753, 15.66065,22.83023.
 2021-01-26, 0.01262, 0.01861, 15.67327,22.84884.
 2021-01-27, 0.01262, 0.01571, 15.68589,22.86455.
 2021-01-28, 0.01041, 0.01213, 15.6963,22.87668.
 2021-01-29, 0.01566, 0.02036, 15.71196,22.89704.
 2021-01-30, 0.01235, 0.01588, 15.72431,22.91292.
 2021-01-31, 0.01001, 0.01234, 15.73432,22.92526.
 2021-02-01, 0.01372, 0.01523, 15.74804,22.94049.
 2021-02-02, 0.03026, 0.04597, 15.7783,22.98646.
 2021-02-03, 0.02475, 0.03853, 15.80305,23.02499.
 

ET Report.
Data Extracted: 2021-02-04.
Station: Richland.N.
Lat: 46.331196 Lng: 119.270158 ;Elevation: 379
Date Range from 2020-08-04 to 2021-02-03.

Date, ETo (in), ETr (in), Accu ETo (in),Accu ETr (in).
 2020-08-04, 0.22116, 0.27839, 0.22116,0.27839.
 2020-08-05, 0.23869, 0.31357, 0.45985,0.59196.
 2020-08-06, 0.23846, 0.34334, 0.69831,0.9353.
 2020-08-07, 0.19846, 0.25478, 0.89677,1.19008.
 2020-08-08, 0.24259, 0.33184, 1.13936,1.52192.
 2020-08-09, 0.20681, 0.26680, 1.34617,1.78872.
 2020-08-10, 0.24714, 0.33527, 1.59331,2.12399.
 2020-08-11, 0.25481, 0.35562, 1.84812,2.47961.
 2020-08-12, 0.20684, 0.29481, 2.05496,2.77442.
 2020-08-13, 0.19631, 0.25720, 2.25127,3.03162.
 2020-08-14, 0.20528, 0.26945, 2.45655,3.30107.
 2020-08-15, 0.22209, 0.29340, 2.67864,3.59447.
 2020-08-16, 0.25364, 0.35756, 2.93228,3.95203.
 2020-08-17, 0.21281, 0.29030, 3.14509,4.24233.
 2020-08-18, 0.21082, 0.26876, 3.35591,4.51109.
 2020-08-19, 0.21862, 0.28855, 3.57453,4.79964.
 2020-08-20, 0.19811, 0.26264, 3.77264,5.06228.
 2020-08-21, 0.25169, 0.35536, 4.02433,5.41764.
 2020-08-22, 0.18714, 0.24050, 4.21147,5.65814.
 2020-08-23, 0.16512, 0.20099, 4.37659,5.85913.
 2020-08-24, 0.17767, 0.23473, 4.55426,6.09386.
 2020-08-25, 0.17550, 0.22765, 4.72976,6.32151.
 2020-08-26, 0.17212, 0.21954, 4.90188,6.54105.
 2020-08-27, 0.18617, 0.24537, 5.08805,6.78642.
 2020-08-28, 0.17101, 0.21943, 5.25906,7.00585.
 2020-08-29, 0.23960, 0.34866, 5.49866,7.35451.
 2020-08-30, 0.17689, 0.24130, 5.67555,7.59581.
 2020-08-31, 0.18576, 0.25327, 5.86131,7.84908.
 2020-09-01, 0.18692, 0.24788, 6.04823,8.09696.
 2020-09-02, 0.22691, 0.32590, 6.27514,8.42286.
 2020-09-03, 0.16197, 0.20932, 6.43711,8.63218.
 2020-09-04, 0.17481, 0.23285, 6.61192,8.86503.
 2020-09-05, 0.18541, 0.25468, 6.79733,9.11971.
 2020-09-06, 0.18361, 0.25094, 6.98094,9.37065.
 2020-09-07, 0.23549, 0.37466, 7.21643,9.74531.
 2020-09-08, 0.22748, 0.34659, 7.44391,10.0919.
 2020-09-09, 0.14070, 0.19449, 7.58461,10.28639.
 2020-09-10, 0.13788, 0.17790, 7.72249,10.46429.
 2020-09-11, 0.13275, 0.17619, 7.85524,10.64048.
 2020-09-12, 0.08271, 0.10748, 7.93795,10.74796.
 2020-09-13, 0.05409, 0.06431, 7.99204,10.81227.
 2020-09-14, 0.04884, 0.06082, 8.04088,10.87309.
 2020-09-15, 0.07491, 0.09243, 8.11579,10.96552.
 2020-09-16, 0.07991, 0.09869, 8.1957,11.06421.
 2020-09-17, 0.07683, 0.09318, 8.27253,11.15739.
 2020-09-18, 0.08146, 0.11093, 8.35399,11.26832.
 2020-09-19, 0.14598, 0.20901, 8.49997,11.47733.
 2020-09-20, 0.12042, 0.15718, 8.62039,11.63451.
 2020-09-21, 0.09946, 0.12722, 8.71985,11.76173.
 2020-09-22, 0.12238, 0.16407, 8.84223,11.9258.
 2020-09-23, 0.11896, 0.17620, 8.96119,12.102.
 2020-09-24, 0.16184, 0.24364, 9.12303,12.34564.
 2020-09-25, 0.12315, 0.18827, 9.24618,12.53391.
 2020-09-26, 0.12274, 0.17556, 9.36892,12.70947.
 2020-09-27, 0.09074, 0.11606, 9.45966,12.82553.
 2020-09-28, 0.09205, 0.11902, 9.55171,12.94455.
 2020-09-29, 0.08938, 0.11334, 9.64109,13.05789.
 2020-09-30, 0.08464, 0.10486, 9.72573,13.16275.
 2020-10-01, 0.07724, 0.09229, 9.80297,13.25504.
 2020-10-02, 0.07840, 0.09603, 9.88137,13.35107.
 2020-10-03, 0.07705, 0.09328, 9.95842,13.44435.
 2020-10-04, 0.12103, 0.17499, 10.07945,13.61934.
 2020-10-05, 0.09717, 0.13319, 10.17662,13.75253.
 2020-10-06, 0.09901, 0.13559, 10.27563,13.88812.
 2020-10-07, 0.08140, 0.10429, 10.35703,13.99241.
 2020-10-08, 0.12347, 0.18252, 10.4805,14.17493.
 2020-10-09, 0.11802, 0.17425, 10.59852,14.34918.
 2020-10-10, 0.10450, 0.16186, 10.70302,14.51104.
 2020-10-11, 0.11566, 0.18219, 10.81868,14.69323.
 2020-10-12, 0.11631, 0.17980, 10.93499,14.87303.
 2020-10-13, 0.13854, 0.22007, 11.07353,15.0931.
 2020-10-14, 0.12677, 0.19993, 11.2003,15.29303.
 2020-10-15, 0.05499, 0.07401, 11.25529,15.36704.
 2020-10-16, 0.12932, 0.20550, 11.38461,15.57254.
 2020-10-17, 0.07804, 0.11698, 11.46265,15.68952.
 2020-10-18, 0.11477, 0.18156, 11.57742,15.87108.
 2020-10-19, 0.12907, 0.20612, 11.70649,16.0772.
 2020-10-20, 0.06361, 0.09333, 11.7701,16.17053.
 2020-10-21, 0.07598, 0.11759, 11.84608,16.28812.
 2020-10-22, 0.04998, 0.07424, 11.89606,16.36236.
 2020-10-23, 0.02440, 0.03754, 11.92046,16.3999.
 2020-10-24, 0.05945, 0.09265, 11.97991,16.49255.
 2020-10-25, 0.05983, 0.09551, 12.03974,16.58806.
 2020-10-26, 0.03214, 0.04614, 12.07188,16.6342.
 2020-10-27, 0.02741, 0.03757, 12.09929,16.67177.
 2020-10-28, 0.03489, 0.04947, 12.13418,16.72124.
 2020-10-29, 0.02464, 0.03099, 12.15882,16.75223.
 2020-10-30, 0.10608, 0.17318, 12.2649,16.92541.
 2020-10-31, 0.02715, 0.03776, 12.29205,16.96317.
 2020-11-01, 0.02778, 0.03949, 12.31983,17.00266.
 2020-11-02, 0.01983, 0.02509, 12.33966,17.02775.
 2020-11-03, 0.02076, 0.02608, 12.36042,17.05383.
 2020-11-04, 0.07911, 0.12465, 12.43953,17.17848.
 2020-11-05, 0.06834, 0.11272, 12.50787,17.2912.
 2020-11-06, 0.03030, 0.04982, 12.53817,17.34102.
 2020-11-07, 0.04093, 0.06413, 12.5791,17.40515.
 2020-11-08, 0.05863, 0.09388, 12.63773,17.49903.
 2020-11-09, 0.03481, 0.05485, 12.67254,17.55388.
 2020-11-10, 0.06786, 0.11011, 12.7404,17.66399.
 2020-11-11, 0.01981, 0.02927, 12.76021,17.69326.
 2020-11-12, 0.01524, 0.01938, 12.77545,17.71264.
 2020-11-13, 0.07364, 0.11923, 12.84909,17.83187.
 2020-11-14, 0.05907, 0.09542, 12.90816,17.92729.
 2020-11-15, 0.05883, 0.09692, 12.96699,18.02421.
 2020-11-16, 0.01901, 0.02605, 12.986,18.05026.
 2020-11-17, 0.03290, 0.04938, 13.0189,18.09964.
 2020-11-18, 0.04793, 0.07554, 13.06683,18.17518.
 2020-11-19, 0.07164, 0.12070, 13.13847,18.29588.
 2020-11-20, 0.03185, 0.05391, 13.17032,18.34979.
 2020-11-21, 0.01735, 0.02898, 13.18767,18.37877.
 2020-11-22, 0.00954, 0.01217, 13.19721,18.39094.
 2020-11-23, 0.01186, 0.01471, 13.20907,18.40565.
 2020-11-24, 0.01757, 0.02814, 13.22664,18.43379.
 2020-11-25, 0.03336, 0.05203, 13.26,18.48582.
 2020-11-26, 0.01751, 0.02922, 13.27751,18.51504.
 2020-11-27, 0.01626, 0.02748, 13.29377,18.54252.
 2020-11-28, 0.01775, 0.03021, 13.31152,18.57273.
 2020-11-29, 0.01289, 0.02045, 13.32441,18.59318.
 2020-11-30, 0.05322, 0.09113, 13.37763,18.68431.
 2020-12-01, 0.00892, 0.01732, 13.38655,18.70163.
 2020-12-02, 0.02089, 0.03672, 13.40744,18.73835.
 2020-12-03, 0.00675, 0.00731, 13.41419,18.74566.
 2020-12-04, 0.00445, 0.00515, 13.41864,18.75081.
 2020-12-05, 0.00355, 0.00450, 13.42219,18.75531.
 2020-12-06, 0.00814, 0.01086, 13.43033,18.76617.
 2020-12-07, 0.00413, 0.00557, 13.43446,18.77174.
 2020-12-08, 0.00807, 0.01033, 13.44253,18.78207.
 2020-12-09, 0.01692, 0.03119, 13.45945,18.81326.
 2020-12-10, 0.00572, 0.00756, 13.46517,18.82082.
 2020-12-11, 0.01384, 0.02381, 13.47901,18.84463.
 2020-12-12, 0.01796, 0.02675, 13.49697,18.87138.
 2020-12-13, 0.00527, 0.00675, 13.50224,18.87813.
 2020-12-14, 0.00883, 0.01170, 13.51107,18.88983.
 2020-12-15, 0.03370, 0.05387, 13.54477,18.9437.
 2020-12-16, 0.02210, 0.03295, 13.56687,18.97665.
 2020-12-17, 0.05663, 0.09217, 13.6235,19.06882.
 2020-12-18, 0.03164, 0.04906, 13.65514,19.11788.
 2020-12-19, 0.06794, 0.11309, 13.72308,19.23097.
 2020-12-20, 0.06135, 0.10062, 13.78443,19.33159.
 2020-12-21, 0.03695, 0.06464, 13.82138,19.39623.
 2020-12-22, 0.06226, 0.10898, 13.88364,19.50521.
 2020-12-23, 0.01353, 0.02471, 13.89717,19.52992.
 2020-12-24, 0.00584, 0.01168, 13.90301,19.5416.
 2020-12-25, 0.00456, 0.00540, 13.90757,19.547.
 2020-12-26, 0.01076, 0.01496, 13.91833,19.56196.
 2020-12-27, 0.00718, 0.01009, 13.92551,19.57205.
 2020-12-28, 0.00727, 0.00764, 13.93278,19.57969.
 2020-12-29, 0.00539, 0.00696, 13.93817,19.58665.
 2020-12-30, 0.00458, 0.00485, 13.94275,19.5915.
 2020-12-31, 0.00749, 0.01227, 13.95024,19.60377.
 2021-01-01, 0.02016, 0.02926, 13.9704,19.63303.
 2021-01-02, 0.05878, 0.09860, 14.02918,19.73163.
 2021-01-03, 0.05290, 0.09216, 14.08208,19.82379.
 2021-01-04, 0.03126, 0.05029, 14.11334,19.87408.
 2021-01-05, 0.03970, 0.06515, 14.15304,19.93923.
 2021-01-06, 0.01695, 0.02536, 14.16999,19.96459.
 2021-01-07, 0.01190, 0.01576, 14.18189,19.98035.
 2021-01-08, 0.00559, 0.00720, 14.18748,19.98755.
 2021-01-09, 0.01249, 0.01562, 14.19997,20.00317.
 2021-01-10, 0.01297, 0.01704, 14.21294,20.02021.
 2021-01-11, 0.00720, 0.00800, 14.22014,20.02821.
 2021-01-12, 0.04056, 0.06248, 14.2607,20.09069.
 2021-01-13, 0.12440, 0.21163, 14.3851,20.30232.
 2021-01-14, 0.02560, 0.04208, 14.4107,20.3444.
 2021-01-15, 0.01983, 0.02913, 14.43053,20.37353.
 2021-01-16, 0.01437, 0.01860, 14.4449,20.39213.
 2021-01-17, 0.01850, 0.02708, 14.4634,20.41921.
 2021-01-18, 0.01448, 0.02460, 14.47788,20.44381.
 2021-01-19, 0.01439, 0.02228, 14.49227,20.46609.
 2021-01-20, 0.01271, 0.01537, 14.50498,20.48146.
 2021-01-21, 0.01203, 0.01535, 14.51701,20.49681.
 2021-01-22, 0.03445, 0.05554, 14.55146,20.55235.
 2021-01-23, 0.01342, 0.02100, 14.56488,20.57335.
 2021-01-24, 0.01341, 0.01732, 14.57829,20.59067.
 2021-01-25, 0.01191, 0.01313, 14.5902,20.6038.
 2021-01-26, 0.02428, 0.03734, 14.61448,20.64114.
 2021-01-27, 0.02000, 0.02874, 14.63448,20.66988.
 2021-01-28, 0.01905, 0.02586, 14.65353,20.69574.
 2021-01-29, 0.01105, 0.01347, 14.66458,20.70921.
 2021-01-30, 0.02075, 0.02824, 14.68533,20.73745.
 2021-01-31, 0.03245, 0.04661, 14.71778,20.78406.
 2021-02-01, 0.04670, 0.07005, 14.76448,20.85411.
 2021-02-02, 0.06084, 0.09637, 14.82532,20.95048.
 2021-02-03, 0.02778, 0.03929, 14.8531,20.98977.
 

ET Report.
Data Extracted: 2021-02-04.
Station: Seattle.
Lat: 47.657029 Lng: 122.289082 ;Elevation: 30
Date Range from 2020-08-04 to 2021-02-03.

Date, ETo (in), ETr (in), Accu ETo (in),Accu ETr (in).
 2020-08-04, 0.16839, 0.20091, 0.16839,0.20091.
 2020-08-05, 0.16967, 0.19482, 0.33806,0.39573.
 2020-08-06, 0.04059, 0.04931, 0.37865,0.44504.
 2020-08-07, 0.14803, 0.17094, 0.52668,0.61598.
 2020-08-08, 0.09393, 0.11433, 0.62061,0.73031.
 2020-08-09, 0.15948, 0.18680, 0.78009,0.91711.
 2020-08-10, 0.16853, 0.19978, 0.94862,1.11689.
 2020-08-11, 0.14424, 0.16819, 1.09286,1.28508.
 2020-08-12, 0.13799, 0.16565, 1.23085,1.45073.
 2020-08-13, 0.15003, 0.17608, 1.38088,1.62681.
 2020-08-14, 0.16320, 0.19702, 1.54408,1.82383.
 2020-08-15, 0.18209, 0.22398, 1.72617,2.04781.
 2020-08-16, 0.16897, 0.19956, 1.89514,2.24737.
 2020-08-17, 0.18299, 0.22007, 2.07813,2.46744.
 2020-08-18, 0.15231, 0.17754, 2.23044,2.64498.
 2020-08-19, 0.13819, 0.15723, 2.36863,2.80221.
 2020-08-20, 0.13340, 0.16054, 2.50203,2.96275.
 2020-08-21, 0.07662, 0.09266, 2.57865,3.05541.
 2020-08-22, 0.14744, 0.17978, 2.72609,3.23519.
 2020-08-23, 0.14377, 0.17125, 2.86986,3.40644.
 2020-08-24, 0.13627, 0.16222, 3.00613,3.56866.
 2020-08-25, 0.14614, 0.17613, 3.15227,3.74479.
 2020-08-26, 0.14246, 0.17069, 3.29473,3.91548.
 2020-08-27, 0.14612, 0.17674, 3.44085,4.09222.
 2020-08-28, 0.14212, 0.16795, 3.58297,4.26017.
 2020-08-29, 0.10237, 0.12054, 3.68534,4.38071.
 2020-08-30, 0.12322, 0.14613, 3.80856,4.52684.
 2020-08-31, 0.10971, 0.12977, 3.91827,4.65661.
 2020-09-01, 0.13990, 0.16602, 4.05817,4.82263.
 2020-09-02, 0.13295, 0.15661, 4.19112,4.97924.
 2020-09-03, 0.13763, 0.16534, 4.32875,5.14458.
 2020-09-04, 0.13084, 0.15754, 4.45959,5.30212.
 2020-09-05, 0.09598, 0.11574, 4.55557,5.41786.
 2020-09-06, 0.12625, 0.14919, 4.68182,5.56705.
 2020-09-07, 0.17232, 0.23717, 4.85414,5.80422.
 2020-09-08, 0.13999, 0.18914, 4.99413,5.99336.
 2020-09-09, 0.15525, 0.21164, 5.14938,6.205.
 2020-09-10, 0.14530, 0.18830, 5.29468,6.3933.
 2020-09-11, 0.10202, 0.12394, 5.3967,6.51724.
 2020-09-12, 0.02914, 0.03257, 5.42584,6.54981.
 2020-09-13, 0.05548, 0.06138, 5.48132,6.61119.
 2020-09-14, 0.05584, 0.06342, 5.53716,6.67461.
 2020-09-15, 0.07760, 0.09104, 5.61476,6.76565.
 2020-09-16, 0.06301, 0.06878, 5.67777,6.83443.
 2020-09-17, 0.06768, 0.07695, 5.74545,6.91138.
 2020-09-18, 0.03440, 0.03843, 5.77985,6.94981.
 2020-09-19, 0.04021, 0.04854, 5.82006,6.99835.
 2020-09-20, 0.06557, 0.07112, 5.88563,7.06947.
 2020-09-21, 0.05669, 0.06367, 5.94232,7.13314.
 2020-09-22, 0.08128, 0.09540, 6.0236,7.22854.
 2020-09-23, 0.01971, 0.02771, 6.04331,7.25625.
 2020-09-24, 0.05473, 0.07004, 6.09804,7.32629.
 2020-09-25, 0.04843, 0.06074, 6.14647,7.38703.
 2020-09-26, 0.06368, 0.07700, 6.21015,7.46403.
 2020-09-27, 0.07609, 0.09010, 6.28624,7.55413.
 2020-09-28, 0.08620, 0.10560, 6.37244,7.65973.
 2020-09-29, 0.08588, 0.10262, 6.45832,7.76235.
 2020-09-30, 0.06004, 0.06661, 6.51836,7.82896.
 2020-10-01, 0.05653, 0.06449, 6.57489,7.89345.
 2020-10-02, 0.06129, 0.06949, 6.63618,7.96294.
 2020-10-03, 0.02373, 0.02524, 6.65991,7.98818.
 2020-10-04, 0.03069, 0.03411, 6.6906,8.02229.
 2020-10-05, 0.05730, 0.06738, 6.7479,8.08967.
 2020-10-06, 0.06741, 0.08152, 6.81531,8.17119.
 2020-10-07, 0.03261, 0.03510, 6.84792,8.20629.
 2020-10-08, 0.05402, 0.06477, 6.90194,8.27106.
 2020-10-09, 0.05440, 0.06912, 6.95634,8.34018.
 2020-10-10, 0.04589, 0.05891, 7.00223,8.39909.
 2020-10-11, 0.03536, 0.04899, 7.03759,8.44808.
 2020-10-12, 0.04291, 0.05436, 7.0805,8.50244.
 2020-10-13, 0.05823, 0.07958, 7.13873,8.58202.
 2020-10-14, 0.04494, 0.05858, 7.18367,8.6406.
 2020-10-15, 0.04105, 0.04977, 7.22472,8.69037.
 2020-10-16, 0.02731, 0.04007, 7.25203,8.73044.
 2020-10-17, 0.02635, 0.03245, 7.27838,8.76289.
 2020-10-18, 0.01863, 0.02435, 7.29701,8.78724.
 2020-10-19, 0.01561, 0.01866, 7.31262,8.8059.
 2020-10-20, 0.03476, 0.04146, 7.34738,8.84736.
 2020-10-21, 0.02546, 0.02973, 7.37284,8.87709.
 2020-10-22, 0.02822, 0.03445, 7.40106,8.91154.
 2020-10-23, 0.01352, 0.01940, 7.41458,8.93094.
 2020-10-24, 0.04786, 0.07240, 7.46244,9.00334.
 2020-10-25, 0.03403, 0.04954, 7.49647,9.05288.
 2020-10-26, 0.02775, 0.03706, 7.52422,9.08994.
 2020-10-27, 0.02888, 0.03714, 7.5531,9.12708.
 2020-10-28, 0.02302, 0.02662, 7.57612,9.1537.
 2020-10-29, 0.02382, 0.02782, 7.59994,9.18152.
 2020-10-30, 0.03509, 0.04933, 7.63503,9.23085.
 2020-10-31, 0.02680, 0.03693, 7.66183,9.26778.
 2020-11-01, 0.02620, 0.03613, 7.68803,9.30391.
 2020-11-02, 0.03195, 0.04663, 7.71998,9.35054.
 2020-11-03, 0.01792, 0.02324, 7.7379,9.37378.
 2020-11-04, 0.03523, 0.04859, 7.77313,9.42237.
 2020-11-05, 0.01824, 0.02948, 7.79137,9.45185.
 2020-11-06, 0.02507, 0.03512, 7.81644,9.48697.
 2020-11-07, 0.02447, 0.03651, 7.84091,9.52348.
 2020-11-08, 0.04423, 0.07465, 7.88514,9.59813.
 2020-11-09, 0.01943, 0.02632, 7.90457,9.62445.
 2020-11-10, 0.01787, 0.02280, 7.92244,9.64725.
 2020-11-11, 0.01570, 0.01914, 7.93814,9.66639.
 2020-11-12, 0.02321, 0.03194, 7.96135,9.69833.
 2020-11-13, 0.03201, 0.05065, 7.99336,9.74898.
 2020-11-14, 0.01830, 0.02492, 8.01166,9.7739.
 2020-11-15, 0.02624, 0.03871, 8.0379,9.81261.
 2020-11-16, 0.00469, 0.00597, 8.04259,9.81858.
 2020-11-17, 0.03064, 0.04457, 8.07323,9.86315.
 2020-11-18, 0.01217, 0.01726, 8.0854,9.88041.
 2020-11-19, 0.02313, 0.03495, 8.10853,9.91536.
 2020-11-20, 0.01949, 0.02570, 8.12802,9.94106.
 2020-11-21, 0.00872, 0.01394, 8.13674,9.955.
 2020-11-22, 0.01135, 0.01441, 8.14809,9.96941.
 2020-11-23, 0.01162, 0.01482, 8.15971,9.98423.
 2020-11-24, 0.02146, 0.03032, 8.18117,10.01455.
 2020-11-25, 0.01554, 0.02041, 8.19671,10.03496.
 2020-11-26, 0.01889, 0.02521, 8.2156,10.06017.
 2020-11-27, 0.02024, 0.03534, 8.23584,10.09551.
 2020-11-28, 0.00978, 0.01023, 8.24562,10.10574.
 2020-11-29, 0.00820, 0.01007, 8.25382,10.11581.
 2020-11-30, 0.01532, 0.02795, 8.26914,10.14376.
 2020-12-01, 0.00958, 0.01844, 8.27872,10.1622.
 2020-12-02, 0.01740, 0.03484, 8.29612,10.19704.
 2020-12-03, 0.01242, 0.01776, 8.30854,10.2148.
 2020-12-04, 0.00797, 0.01640, 8.31651,10.2312.
 2020-12-05, 0.01373, 0.02804, 8.33024,10.25924.
 2020-12-06, 0.01584, 0.02376, 8.34608,10.283.
 2020-12-07, 0.02158, 0.03113, 8.36766,10.31413.
 2020-12-08, 0.00790, 0.01059, 8.37556,10.32472.
 2020-12-09, 0.00935, 0.01102, 8.38491,10.33574.
 2020-12-10, 0.01080, 0.01378, 8.39571,10.34952.
 2020-12-11, 0.01281, 0.01670, 8.40852,10.36622.
 2020-12-12, 0.00906, 0.01488, 8.41758,10.3811.
 2020-12-13, 0.01149, 0.01534, 8.42907,10.39644.
 2020-12-14, 0.01627, 0.02328, 8.44534,10.41972.
 2020-12-15, 0.01782, 0.02614, 8.46316,10.44586.
 2020-12-16, 0.01422, 0.02250, 8.47738,10.46836.
 2020-12-17, 0.02296, 0.03540, 8.50034,10.50376.
 2020-12-18, 0.02584, 0.04016, 8.52618,10.54392.
 2020-12-19, 0.01825, 0.03013, 8.54443,10.57405.
 2020-12-20, 0.01705, 0.02571, 8.56148,10.59976.
 2020-12-21, 0.01822, 0.02739, 8.5797,10.62715.
 2020-12-22, 0.00502, 0.01094, 8.58472,10.63809.
 2020-12-23, 0.00624, 0.01297, 8.59096,10.65106.
 2020-12-24, 0.00247, 0.00775, 8.59343,10.65881.
 2020-12-25, 0.00659, 0.00818, 8.60002,10.66699.
 2020-12-26, 0.01833, 0.02826, 8.61835,10.69525.
 2020-12-27, 0.00940, 0.01061, 8.62775,10.70586.
 2020-12-28, 0.00293, 0.00920, 8.63068,10.71506.
 2020-12-29, 0.01051, 0.01389, 8.64119,10.72895.
 2020-12-30, 0.01258, 0.01702, 8.65377,10.74597.
 2020-12-31, 0.01744, 0.02450, 8.67121,10.77047.
 2021-01-01, 0.01297, 0.01837, 8.68418,10.78884.
 2021-01-02, 0.00794, 0.01119, 8.69212,10.80003.
 2021-01-03, 0.01370, 0.01910, 8.70582,10.81913.
 2021-01-04, 0.00933, 0.01294, 8.71515,10.83207.
 2021-01-05, 0.01094, 0.01672, 8.72609,10.84879.
 2021-01-06, 0.00683, 0.00933, 8.73292,10.85812.
 2021-01-07, 0.00846, 0.01025, 8.74138,10.86837.
 2021-01-08, 0.00600, 0.00715, 8.74738,10.87552.
 2021-01-09, 0.00383, 0.00458, 8.75121,10.8801.
 2021-01-10, 0.01041, 0.01127, 8.76162,10.89137.
 2021-01-11, 0.00404, 0.00448, 8.76566,10.89585.
 2021-01-12, 0.01125, 0.01345, 8.77691,10.9093.
 2021-01-13, 0.01991, 0.03419, 8.79682,10.94349.
 2021-01-14, 0.00654, 0.00958, 8.80336,10.95307.
 2021-01-15, 0.00579, 0.00776, 8.80915,10.96083.
 2021-01-16, 0.01097, 0.01109, 8.82012,10.97192.
 2021-01-17, 0.01592, 0.01984, 8.83604,10.99176.
 2021-01-18, 0.01421, 0.01949, 8.85025,11.01125.
 2021-01-19, 0.00979, 0.01101, 8.86004,11.02226.
 2021-01-20, 0.00906, 0.00988, 8.8691,11.03214.
 2021-01-21, 0.01596, 0.02014, 8.88506,11.05228.
 2021-01-22, 0.02295, 0.03855, 8.90801,11.09083.
 2021-01-23, 0.00878, 0.01289, 8.91679,11.10372.
 2021-01-24, 0.01520, 0.01976, 8.93199,11.12348.
 2021-01-25, 0.01923, 0.02811, 8.95122,11.15159.
 2021-01-26, 0.02810, 0.04271, 8.97932,11.1943.
 2021-01-27, 0.01650, 0.02259, 8.99582,11.21689.
 2021-01-28, 0.01367, 0.01413, 9.00949,11.23102.
 2021-01-29, 0.01600, 0.01927, 9.02549,11.25029.
 2021-01-30, 0.01095, 0.01186, 9.03644,11.26215.
 2021-01-31, 0.00668, 0.00751, 9.04312,11.26966.
 2021-02-01, 0.00642, 0.00662, 9.04954,11.27628.
 2021-02-02, 0.01797, 0.02212, 9.06751,11.2984.
 2021-02-03, 0.01838, 0.02337, 9.08589,11.32177.
 

