date,meanHeatRatio,meanSoilMoisture,meanOutsideTemp,meanOutsideHumidity,timestamp,nodeId
2021-04-16,1.1105175431353833,-1,37.78947368421053,-1,1618597728,sapflow-usda-7
2021-04-19,0.9875745766218137,-1,46.225,-1,1618859555,sapflow-usda-7
2021-04-19,0.8407827394859423,-1,36.725,-1,1618860524,sapflow-usda-7
2021-04-19,0.6139665872144854,-1,33.875,-1,1618861523,sapflow-usda-7
2021-04-19,0.7293444872463527,-1,32.875,-1,1618862525,sapflow-usda-7
2021-04-19,0.7494391067944537,-1,31.75,-1,1618865530,sapflow-usda-7
2021-04-19,0.737614048335958,-1,31.775,-1,1618868541,sapflow-usda-7
2021-04-19,0.7802906106067882,-1,31.3125,-1,1618870546,sapflow-usda-7
2021-04-19,0.7631687157371247,-1,35.3875,-1,1618872558,sapflow-usda-7
2021-04-19,0.6854306058600232,-1,32.7875,-1,1618873650,sapflow-usda-7
2021-04-19,0.8054466448112974,-1,31.575,-1,1618874637,sapflow-usda-7
2021-04-20,0.727480590363841,-1,30.2125,-1,1618878646,sapflow-usda-7
2021-04-20,0.7307444676768333,-1,30.0125,-1,1618879650,sapflow-usda-7
2021-04-20,0.7491517068616017,-1,34.5,-1,1618880658,sapflow-usda-7
2021-04-20,0.8051482985376256,-1,31.375,-1,1618881640,sapflow-usda-7
2021-04-20,0.7669044462334919,-1,30.7125,-1,1618882643,sapflow-usda-7
2021-04-20,0.7597938585678524,-1,30.2625,-1,1618883646,sapflow-usda-7
2021-04-20,0.7462370415523197,-1,30.075,-1,1618884649,sapflow-usda-7
2021-04-20,0.7366891681576775,-1,30.0125,-1,1618885651,sapflow-usda-7
2021-04-20,0.6917487670384115,-1,29.5,-1,1618889666,sapflow-usda-7
2021-04-20,0.6965768474388458,-1,33.5,-1,1618890674,sapflow-usda-7
2021-04-20,0.7215639679275166,-1,29.5125,-1,1618891659,sapflow-usda-7
2021-04-20,0.6769797000065185,-1,28.0125,-1,1618892658,sapflow-usda-7
2021-04-20,0.7312146703352594,-1,27,-1,1618893660,sapflow-usda-7
2021-04-20,0.6982435579556727,-1,26.25,-1,1618894662,sapflow-usda-7
2021-04-20,0.6973930034717228,-1,25.5875,-1,1618895664,sapflow-usda-7
2021-04-20,0.6988604403678786,-1,25.05,-1,1618896666,sapflow-usda-7
2021-04-20,0.7372180626072097,-1,24.5375,-1,1618897669,sapflow-usda-7
2021-04-20,0.717757127630682,-1,24,-1,1618898671,sapflow-usda-7
2021-04-20,0.7032066469069914,-1,23.2625,-1,1618900676,sapflow-usda-7
2021-04-20,0.7308189649886481,-1,23.05,-1,1618901681,sapflow-usda-7
2021-04-20,0.7299962163323905,-1,22.8875,-1,1618902686,sapflow-usda-7
2021-04-20,0.7403002160388983,-1,22.7375,-1,1618905694,sapflow-usda-7
2021-04-20,0.6939062383196158,-1,22.75,-1,1618907696,sapflow-usda-7
2021-04-20,0.7181836677985305,-1,22.7,-1,1618908697,sapflow-usda-7
2021-04-20,0.7725524501016049,-1,26.2625,-1,1618909830,sapflow-usda-7
2021-04-20,0.7156873931657503,-1,27.75,-1,1618910839,sapflow-usda-7
2021-04-20,0.7690260500470976,-1,23.9625,-1,1618912823,sapflow-usda-7
2021-04-20,0.8273165805124381,-1,28.0125,-1,1618915840,sapflow-usda-7
2021-04-20,0.8205927638779612,-1,26.25,-1,1618916827,sapflow-usda-7
2021-04-20,0.7691372049785736,-1,26.225,-1,1618917830,sapflow-usda-7
2021-04-20,0.7789425904062165,-1,30.2625,-1,1618918837,sapflow-usda-7
2021-04-20,0.835557261655851,-1,27.9375,-1,1618919820,sapflow-usda-7
2021-04-20,0.7591067403862037,-1,27.35,-1,1618921823,sapflow-usda-7
2021-04-20,0.8319374704422408,-1,28,-1,1618922826,sapflow-usda-7
2021-04-20,0.8803266336573612,-1,29.1625,-1,1618923829,sapflow-usda-7
2021-04-20,0.7614869214657012,-1,35.675,-1,1618926837,sapflow-usda-7
2021-04-20,0.9650880502147062,-1,34.8875,-1,1618927840,sapflow-usda-7
2021-04-20,0.9052701505342087,-1,34.9375,-1,1618928841,sapflow-usda-7
2021-04-20,0.9359672885700654,-1,36.2625,-1,1618929845,sapflow-usda-7
2021-04-20,0.95005542553557,-1,38.2,-1,1618930848,sapflow-usda-7
2021-04-20,0.9727264175293597,-1,39.8,-1,1618931853,sapflow-usda-7
2021-04-20,0.6537795589436098,-1,40.0125,-1,1618935959,sapflow-usda-7
2021-04-20,0.9392725010590588,-1,38.275,-1,1618936961,sapflow-usda-7
2021-04-20,0.8301484292068196,-1,37.5375,-1,1618937962,sapflow-usda-7
2021-04-20,0.8290331865606322,-1,37.1125,-1,1618938963,sapflow-usda-7
2021-04-20,0.9768920015510856,-1,37.25,-1,1618940965,sapflow-usda-7
2021-04-20,0.8761168783152129,-1,38.025,-1,1618941969,sapflow-usda-7
2021-04-20,0.8798741172572682,-1,38.375,-1,1618943975,sapflow-usda-7
2021-04-20,0.9482802364422159,-1,37.9875,-1,1618944977,sapflow-usda-7
2021-04-20,0.9597239634572212,-1,38.0125,-1,1618945980,sapflow-usda-7
2021-04-20,0.9564539889051683,-1,38.75,-1,1618947986,sapflow-usda-7
2021-04-20,0.9334106194644989,-1,38.75,-1,1618948988,sapflow-usda-7
2021-04-20,0.935652125372758,-1,38.7625,-1,1618949990,sapflow-usda-7
2021-04-20,0.9320482181545424,-1,37.8875,-1,1618951994,sapflow-usda-7
2021-04-20,0.929173024053982,-1,37.9,-1,1618952997,sapflow-usda-7
2021-04-20,0.912427629324166,-1,37.425,-1,1618955002,sapflow-usda-7
2021-04-20,0.7895542846193171,-1,36.2875,-1,1618958014,sapflow-usda-7
2021-04-20,0.6367026762583691,-1,37.05,-1,1618959126,sapflow-usda-7
2021-04-20,0.80363875482148,-1,36.4875,-1,1618960114,sapflow-usda-7
2021-04-20,0.8320022614872742,-1,36.175,-1,1618961118,sapflow-usda-7
2021-04-20,0.8150298533467949,-1,36,-1,1618962121,sapflow-usda-7
2021-04-20,0.8592206675998423,-1,39.8125,-1,1618963129,sapflow-usda-7
2021-04-21,0.8548471216290875,-1,36.9875,-1,1618964113,sapflow-usda-7
2021-04-21,0.7717732281171186,-1,35.975,-1,1618965117,sapflow-usda-7
2021-04-21,0.7136060749168928,-1,35.25,-1,1618966121,sapflow-usda-7
2021-04-21,0.7342293089217296,-1,34.4,-1,1618967124,sapflow-usda-7
2021-04-21,0.7411576068448362,-1,33.6125,-1,1618968126,sapflow-usda-7
2021-04-21,0.7659512033045858,-1,37,-1,1618969134,sapflow-usda-7
2021-04-21,0.7925604240209493,-1,33.9875,-1,1618970120,sapflow-usda-7
2021-04-21,0.7672581795496127,-1,33,-1,1618971122,sapflow-usda-7
2021-04-21,0.7372978246117712,-1,32.4625,-1,1618972126,sapflow-usda-7
2021-04-21,0.7580655595714326,-1,32,-1,1618973129,sapflow-usda-7
2021-04-21,0.7928770165783213,-1,32.7125,-1,1618975120,sapflow-usda-7
2021-04-21,0.717138943237568,-1,31.7125,-1,1618976121,sapflow-usda-7
2021-04-21,0.708399599945473,-1,30.75,-1,1618977123,sapflow-usda-7
2021-04-21,0.7117262134650517,-1,30,-1,1618978126,sapflow-usda-7
2021-04-21,0.5426885814390252,-1,30,-1,1618979239,sapflow-usda-7
2021-04-21,0.735931303601902,-1,28.25,-1,1618981234,sapflow-usda-7
2021-04-21,0.6907811732617334,-1,27.725,-1,1618982236,sapflow-usda-7
2021-04-21,0.7225009010903136,-1,30.775,-1,1618984247,sapflow-usda-7
2021-04-21,0.7379244306197874,-1,27.6875,-1,1618985232,sapflow-usda-7
2021-04-21,0.7241930349816332,-1,26.5875,-1,1618986232,sapflow-usda-7
2021-04-21,0.7051540822112894,-1,25.3375,-1,1618988236,sapflow-usda-7
2021-04-21,0.7163904035640389,-1,24.8,-1,1618989237,sapflow-usda-7
2021-04-21,0.7260208336459949,-1,24.5,-1,1618990240,sapflow-usda-7
2021-04-21,0.6874106902532097,-1,28,-1,1618992252,sapflow-usda-7
2021-04-21,0.7286010385779204,-1,25.0125,-1,1618993237,sapflow-usda-7
2021-04-21,0.7314296770807968,-1,24.25,-1,1618994239,sapflow-usda-7
2021-04-21,0.7861476611363736,-1,24.725,-1,1618997233,sapflow-usda-7
2021-04-21,0.7264354858940952,-1,23.5,-1,1618999236,sapflow-usda-7
2021-04-21,0.7642166695219832,-1,23.5,-1,1619000239,sapflow-usda-7
2021-04-21,0.783490059082784,-1,23.75,-1,1619001242,sapflow-usda-7
2021-04-21,0.8055485472433055,-1,24.5,-1,1619002246,sapflow-usda-7
2021-04-21,0.8165813473405471,-1,25.45,-1,1619003251,sapflow-usda-7
2021-04-21,0.775004752794579,-1,26.25,-1,1619004256,sapflow-usda-7
2021-04-21,0.7800488236613382,-1,26.925,-1,1619005258,sapflow-usda-7
2021-04-21,0.7620644759576672,-1,27.475,-1,1619006262,sapflow-usda-7
2021-04-21,0.7671155465683754,-1,28.075,-1,1619008269,sapflow-usda-7
2021-04-21,0.7438163565361237,-1,28.275,-1,1619009272,sapflow-usda-7
2021-04-21,0.7454495408416424,-1,28.525,-1,1619010275,sapflow-usda-7
2021-04-21,0.6194209528168532,-1,29.45,-1,1619011386,sapflow-usda-7
2021-04-21,0.7740730971975407,-1,29.1625,-1,1619012374,sapflow-usda-7
2021-04-21,0.7819231646326315,-1,29.0125,-1,1619013376,sapflow-usda-7
2021-04-21,0.7511628542872643,-1,29.075,-1,1619014379,sapflow-usda-7
2021-04-21,0.7340427146487359,-1,29.15,-1,1619015383,sapflow-usda-7
2021-04-21,0.7767303263106032,-1,29.2125,-1,1619016386,sapflow-usda-7
2021-04-21,0.7512382711089215,-1,29.3,-1,1619017389,sapflow-usda-7
2021-04-21,0.7752841016133916,-1,29.7,-1,1619019395,sapflow-usda-7
2021-04-21,0.791518620253234,-1,30,-1,1619021401,sapflow-usda-7
2021-04-21,0.775381874154175,-1,30.175,-1,1619022403,sapflow-usda-7
2021-04-21,0.7899497225096295,-1,30.4875,-1,1619024406,sapflow-usda-7
2021-04-21,0.7902313123626937,-1,30.675,-1,1619025410,sapflow-usda-7
2021-04-21,0.8024905998132094,-1,30.8625,-1,1619026412,sapflow-usda-7
2021-04-21,0.7767053005602318,-1,30.9875,-1,1619027416,sapflow-usda-7
2021-04-21,0.803478062266898,-1,31.25,-1,1619028418,sapflow-usda-7
2021-04-21,0.8523292243417795,-1,31.8625,-1,1619030423,sapflow-usda-7
2021-04-21,0.8796294651971237,-1,32.6125,-1,1619031427,sapflow-usda-7
2021-04-21,0.9259626111052833,-1,36.9375,-1,1619032435,sapflow-usda-7
2021-04-21,0.8361155774640622,-1,34.25,-1,1619033420,sapflow-usda-7
2021-04-21,0.792773735831247,-1,33.575,-1,1619034424,sapflow-usda-7
2021-04-21,0.8659081849767315,-1,37.0875,-1,1619038550,sapflow-usda-7
2021-04-21,0.7813005542537577,-1,33.125,-1,1619042538,sapflow-usda-7
2021-04-21,0.8087896091719986,-1,37.2625,-1,1619043548,sapflow-usda-7
2021-04-21,0.8488619836086067,-1,34.4875,-1,1619044532,sapflow-usda-7
2021-04-21,0.8050535215390872,-1,37.775,-1,1619045540,sapflow-usda-7
2021-04-21,0.7403108793670542,-1,33.5375,-1,1619047526,sapflow-usda-7
2021-04-21,0.7388811804045359,-1,33,-1,1619048529,sapflow-usda-7
2021-04-21,0.7448194241388402,-1,32.575,-1,1619049532,sapflow-usda-7
2021-04-22,0.7391804352833351,-1,31.725,-1,1619051537,sapflow-usda-7
2021-04-22,0.7409632237765489,-1,31.3375,-1,1619052540,sapflow-usda-7
2021-04-22,0.7483954723576183,-1,35.075,-1,1619053550,sapflow-usda-7
2021-04-22,0.7869516234784076,-1,32.1,-1,1619054536,sapflow-usda-7
2021-04-22,0.7576277394916546,-1,31.25,-1,1619055540,sapflow-usda-7
2021-04-22,0.7424852349345988,-1,30.75,-1,1619056542,sapflow-usda-7
2021-04-22,0.7370253224265865,-1,30.5,-1,1619057546,sapflow-usda-7
2021-04-22,0.7353112880845033,-1,30.25,-1,1619058547,sapflow-usda-7
2021-04-22,0.7113756110950261,-1,29.8375,-1,1619061557,sapflow-usda-7
2021-04-22,0.6993169515818976,-1,29,-1,1619063560,sapflow-usda-7
2021-04-22,0.7030941418117975,-1,28.5375,-1,1619064563,sapflow-usda-7
2021-04-22,0.7072151033257198,-1,28.125,-1,1619065565,sapflow-usda-7
2021-04-22,0.6938924293499972,-1,27.75,-1,1619066567,sapflow-usda-7
2021-04-22,0.7200510566800866,-1,27.3125,-1,1619067571,sapflow-usda-7
2021-04-22,0.7306439119418744,-1,27,-1,1619068574,sapflow-usda-7
2021-04-22,0.7291769481200365,-1,26.5125,-1,1619069576,sapflow-usda-7
2021-04-22,0.7229549085885573,-1,25.55,-1,1619071581,sapflow-usda-7
2021-04-22,0.7327554702709879,-1,30.5,-1,1619073597,sapflow-usda-7
2021-04-22,0.7477138725255137,-1,26.65,-1,1619074583,sapflow-usda-7
2021-04-22,0.6883061014633313,-1,25.4625,-1,1619075585,sapflow-usda-7
2021-04-22,0.6931565021380836,-1,24.075,-1,1619077592,sapflow-usda-7
2021-04-22,0.7048810197723453,-1,28.025,-1,1619078602,sapflow-usda-7
2021-04-22,0.7842979458494159,-1,25.075,-1,1619079586,sapflow-usda-7
2021-04-22,0.7311728565410007,-1,24.475,-1,1619080588,sapflow-usda-7
2021-04-22,0.7618592781683273,-1,24.0125,-1,1619082594,sapflow-usda-7
2021-04-22,0.7021496266687233,-1,24.025,-1,1619084602,sapflow-usda-7
2021-04-22,0.7370187022083571,-1,24.1625,-1,1619085606,sapflow-usda-7
2021-04-22,0.7194831292587952,-1,24.45,-1,1619086608,sapflow-usda-7
2021-04-22,0.7344257202782853,-1,24.75,-1,1619087614,sapflow-usda-7
2021-04-22,0.7503747242423967,-1,28.025,-1,1619092614,sapflow-usda-7
2021-04-22,0.7426492471986839,-1,28.225,-1,1619094619,sapflow-usda-7
2021-04-22,0.6791471911778474,-1,30.3625,-1,1619097728,sapflow-usda-7
2021-04-22,0.8330195517924881,-1,33.75,-1,1619098738,sapflow-usda-7
2021-04-22,0.8525203884291619,-1,31.5,-1,1619099724,sapflow-usda-7
2021-04-22,0.7416989788143961,-1,30.7,-1,1619100727,sapflow-usda-7
2021-04-22,0.8122955818976825,-1,30.6,-1,1619101731,sapflow-usda-7
2021-04-22,0.6408623452191874,-1,31.525,-1,1619102842,sapflow-usda-7
2021-04-22,0.8768249855556712,-1,31.9875,-1,1619104833,sapflow-usda-7
2021-04-22,0.8736942439707128,-1,32.75,-1,1619105838,sapflow-usda-7
2021-04-22,0.9126935420177251,-1,33.3625,-1,1619106848,sapflow-usda-7
2021-04-22,1.030776112669704,-1,34.7625,-1,1619107850,sapflow-usda-7
2021-04-22,0.9260725046911777,-1,35.7125,-1,1619108855,sapflow-usda-7
2021-04-22,0.9848185013011715,-1,34.9375,-1,1619109858,sapflow-usda-7
2021-04-22,0.8155637781080409,-1,36.75,-1,1619112868,sapflow-usda-7
2021-04-22,0.7773894266046056,-1,37.8625,-1,1619114875,sapflow-usda-7
2021-04-22,0.8384769965703414,-1,37.825,-1,1619117884,sapflow-usda-7
2021-04-22,0.7714345860415587,-1,37.325,-1,1619119894,sapflow-usda-7
2021-04-22,0.7416239111672877,-1,37.5,-1,1619120902,sapflow-usda-7
2021-04-22,0.6817682409192526,-1,38.75,-1,1619125017,sapflow-usda-7
2021-04-22,0.7124984749081646,-1,36.675,-1,1619128033,sapflow-usda-7
2021-04-22,0.7438250553911699,-1,36.4125,-1,1619129040,sapflow-usda-7
2021-04-22,0.7347120407796595,-1,36.525,-1,1619130047,sapflow-usda-7
2021-04-22,0.7696616072732799,-1,36.3,-1,1619131053,sapflow-usda-7
2021-04-22,0.7314520153645214,-1,36.4125,-1,1619132060,sapflow-usda-7
2021-04-22,0.7310483170973276,-1,36.25,-1,1619133065,sapflow-usda-7
2021-04-22,0.7375164878778384,-1,35.9625,-1,1619134072,sapflow-usda-7
2021-04-22,0.7579231095321204,-1,35.55,-1,1619135078,sapflow-usda-7
2021-04-23,0.7059521314960675,-1,34.725,-1,1619137089,sapflow-usda-7
2021-04-23,0.6997391661856153,-1,34.2875,-1,1619138095,sapflow-usda-7
2021-04-23,0.5458441782386956,-1,34.55,-1,1619139212,sapflow-usda-7
2021-04-23,0.5584467210281783,-1,34.175,-1,1619141433,sapflow-usda-7
2021-04-23,0.7442026436609896,-1,32.5,-1,1619142423,sapflow-usda-7
2021-04-23,0.7016370342227963,-1,31.775,-1,1619143430,sapflow-usda-7
2021-04-23,0.7360190840456766,-1,31.35,-1,1619144437,sapflow-usda-7
2021-04-23,0.7277669677245435,-1,31,-1,1619145443,sapflow-usda-7
2021-04-23,0.7217667073291918,-1,30.75,-1,1619146446,sapflow-usda-7
2021-04-23,0.5777561405198198,-1,31.2625,-1,1619147563,sapflow-usda-7
2021-04-23,0.6913765268850891,-1,30.275,-1,1619148555,sapflow-usda-7
2021-04-23,0.6691834990232034,-1,29.525,-1,1619149558,sapflow-usda-7
2021-04-23,0.679119631376204,-1,27.475,-1,1619151563,sapflow-usda-7
2021-04-23,0.72778736875639,-1,26.25,-1,1619153569,sapflow-usda-7
2021-04-23,0.706391296824368,-1,25.8,-1,1619154571,sapflow-usda-7
2021-04-23,0.7393170280342333,-1,25.4875,-1,1619155573,sapflow-usda-7
2021-04-23,0.7265176058758213,-1,25,-1,1619156576,sapflow-usda-7
2021-04-23,0.7066929288315614,-1,24.55,-1,1619157580,sapflow-usda-7
2021-04-23,0.5553849471838487,-1,24.8875,-1,1619158693,sapflow-usda-7
2021-04-23,0.7253864203734526,-1,23.975,-1,1619159683,sapflow-usda-7
2021-04-23,0.73345151025623,-1,22.9875,-1,1619162693,sapflow-usda-7
2021-04-23,0.7266033121427,-1,22.7375,-1,1619163698,sapflow-usda-7
2021-04-23,0.7090960055356154,-1,22.5,-1,1619164700,sapflow-usda-7
2021-04-23,0.7143185010398462,-1,22.3,-1,1619165703,sapflow-usda-7
2021-04-23,0.7275557220825567,-1,21.8,-1,1619168711,sapflow-usda-7
2021-04-23,0.7517304651477407,-1,21.75,-1,1619169713,sapflow-usda-7
2021-04-23,0.7354333257980683,-1,21.825,-1,1619170718,sapflow-usda-7
2021-04-23,0.7112794949909041,-1,21.7625,-1,1619171722,sapflow-usda-7
2021-04-23,0.7498557747140296,-1,22.3,-1,1619173729,sapflow-usda-7
2021-04-23,0.7837749703810339,-1,23.0375,-1,1619174733,sapflow-usda-7
2021-04-23,0.7832963937624251,-1,23.9875,-1,1619175738,sapflow-usda-7
2021-04-23,0.7447343936903953,-1,24.7375,-1,1619176745,sapflow-usda-7
2021-04-23,0.774109474319621,-1,25.5,-1,1619177750,sapflow-usda-7
2021-04-23,0.7600699838588135,-1,26.35,-1,1619178753,sapflow-usda-7
2021-04-23,0.7440122674471459,-1,27.175,-1,1619179757,sapflow-usda-7
2021-04-23,0.7762868214469895,-1,27.975,-1,1619180761,sapflow-usda-7
2021-04-23,0.834951496419851,-1,29,-1,1619181764,sapflow-usda-7
2021-04-23,0.8395752708810278,-1,30.25,-1,1619182769,sapflow-usda-7
2021-04-23,0.8055793689057175,-1,33.9625,-1,1619184778,sapflow-usda-7
2021-04-23,0.8421638809652064,-1,38.8125,-1,1619187782,sapflow-usda-7
2021-04-23,0.7610203487180441,-1,41.5125,-1,1619188790,sapflow-usda-7
2021-04-23,0.8158016020576141,-1,43.525,-1,1619189798,sapflow-usda-7
2021-04-23,0.8101128391704265,-1,45.525,-1,1619191805,sapflow-usda-7
2021-04-23,0.7256907433627608,-1,46.625,-1,1619192808,sapflow-usda-7
2021-04-23,0.5167881728189698,-1,45.5,-1,1619194812,sapflow-usda-7
2021-04-23,0.608879560866989,-1,42.225,-1,1619196922,sapflow-usda-7
2021-04-23,0.6722773583613731,-1,41.25,-1,1619197911,sapflow-usda-7
2021-04-23,0.6461282451087242,-1,40.7375,-1,1619198914,sapflow-usda-7
2021-04-23,0.6771239320547195,-1,39.2625,-1,1619199915,sapflow-usda-7
2021-04-23,0.7203088819491972,-1,38.35,-1,1619200919,sapflow-usda-7
2021-04-23,0.7667970449412871,-1,38.025,-1,1619201921,sapflow-usda-7
2021-04-23,0.7123255948466084,-1,37.825,-1,1619202924,sapflow-usda-7
2021-04-23,1.0109832923992974,-1,40.9875,-1,1619204041,sapflow-usda-7
2021-04-23,0.836817366243119,-1,34.35,-1,1619207027,sapflow-usda-7
2021-04-23,0.8538041041096905,-1,34.5,-1,1619208030,sapflow-usda-7
2021-04-23,0.8645622854134802,-1,34.6375,-1,1619210037,sapflow-usda-7
2021-04-23,0.8407633527515127,-1,35.425,-1,1619211041,sapflow-usda-7
2021-04-23,0.8664981761454085,-1,35.725,-1,1619212046,sapflow-usda-7
2021-04-23,0.6718319071213886,-1,36.2125,-1,1619213158,sapflow-usda-7
2021-04-23,0.7988737524381897,-1,35.4125,-1,1619214146,sapflow-usda-7
2021-04-23,0.8269341885557198,-1,35.2875,-1,1619215149,sapflow-usda-7
2021-04-23,0.8230159389369438,-1,35.3125,-1,1619216153,sapflow-usda-7
2021-04-23,0.8139683734597667,-1,35.1875,-1,1619217158,sapflow-usda-7
2021-04-23,0.7756299064773321,-1,34.825,-1,1619220169,sapflow-usda-7
2021-04-23,0.8388825888810668,-1,39,-1,1619221177,sapflow-usda-7
2021-04-24,0.7367698685802293,-1,32.3875,-1,1619228173,sapflow-usda-7
2021-04-24,0.7319042892756952,-1,31.9875,-1,1619229177,sapflow-usda-7
2021-04-24,0.7424313745353441,-1,31.75,-1,1619230179,sapflow-usda-7
2021-04-24,0.7591235246081096,-1,31.6875,-1,1619231181,sapflow-usda-7
2021-04-24,0.7231337028632779,-1,31.45,-1,1619232185,sapflow-usda-7
2021-04-24,0.7074220608378259,-1,31.1375,-1,1619233190,sapflow-usda-7
2021-04-24,0.6764411219774579,-1,30.0125,-1,1619236202,sapflow-usda-7
2021-04-24,0.7254078906633847,-1,28.25,-1,1619238207,sapflow-usda-7
2021-04-24,0.571796174304814,-1,27.4625,-1,1619241324,sapflow-usda-7
2021-04-24,0.7299252878880695,-1,26.3125,-1,1619243316,sapflow-usda-7
2021-04-24,0.7324472110575349,-1,25.7875,-1,1619245325,sapflow-usda-7
2021-04-24,0.7115534181567956,-1,25,-1,1619247333,sapflow-usda-7
2021-04-24,0.7034113546597354,-1,24.65,-1,1619248336,sapflow-usda-7
2021-04-24,0.745957703117937,-1,24.325,-1,1619249340,sapflow-usda-7
2021-04-24,0.7188812759122815,-1,24.2125,-1,1619250344,sapflow-usda-7
2021-04-24,0.7192580494404822,-1,24.05,-1,1619251346,sapflow-usda-7
2021-04-24,0.7914354662660387,-1,25.9,-1,1619255352,sapflow-usda-7
2021-04-24,0.7325640627657057,-1,25.2625,-1,1619257358,sapflow-usda-7
2021-04-24,0.7531476358957588,-1,25.5,-1,1619259366,sapflow-usda-7
2021-04-24,0.7133909526931597,-1,25.7875,-1,1619260371,sapflow-usda-7
2021-04-24,0.7950709219765613,-1,26.1875,-1,1619261375,sapflow-usda-7
2021-04-24,0.7771573190222489,-1,26.9375,-1,1619262380,sapflow-usda-7
2021-04-24,0.7542491515752047,-1,27.7125,-1,1619263384,sapflow-usda-7
2021-04-24,0.7510734750392525,-1,28.15,-1,1619264389,sapflow-usda-7
2021-04-24,0.747461164430226,-1,28.325,-1,1619265392,sapflow-usda-7
2021-04-24,0.7294642284048088,-1,28.5375,-1,1619267401,sapflow-usda-7
2021-04-24,0.7282112568355956,-1,28.7125,-1,1619268403,sapflow-usda-7
2021-04-24,0.7448865766405677,-1,28.85,-1,1619269409,sapflow-usda-7
2021-04-24,0.7356705063794141,-1,29,-1,1619270411,sapflow-usda-7
2021-04-24,0.7890950592431331,-1,29.2125,-1,1619271415,sapflow-usda-7
2021-04-24,0.7908240224211501,-1,33.5625,-1,1619272424,sapflow-usda-7
2021-04-24,0.7595578230802944,-1,30.3125,-1,1619274413,sapflow-usda-7
2021-04-24,0.7762351331729804,-1,30.4875,-1,1619275418,sapflow-usda-7
2021-04-24,0.9692078318461181,-1,36.5625,-1,1619278542,sapflow-usda-7
2021-04-24,0.8587304021503978,-1,34.5,-1,1619279530,sapflow-usda-7
2021-04-24,0.8344689221312981,-1,34.5625,-1,1619280533,sapflow-usda-7
2021-04-24,0.8862841651301422,-1,35.6875,-1,1619282524,sapflow-usda-7
2021-04-24,0.9108298908940851,-1,35.7875,-1,1619285627,sapflow-usda-7
2021-04-24,0.84799695861483,-1,35.6625,-1,1619286629,sapflow-usda-7
2021-04-24,0.8409241086401358,-1,35.3,-1,1619288634,sapflow-usda-7
2021-04-24,0.8825745092450261,-1,36.1375,-1,1619289637,sapflow-usda-7
2021-04-24,0.939959401182113,-1,36.0875,-1,1619291642,sapflow-usda-7
2021-04-24,0.8218997795734385,-1,36.375,-1,1619292645,sapflow-usda-7
2021-04-24,0.87198674018106,-1,40.225,-1,1619293654,sapflow-usda-7
2021-04-24,0.630661260060029,-1,37.7625,-1,1619294745,sapflow-usda-7
2021-04-24,0.9372072350563142,-1,40.525,-1,1619297743,sapflow-usda-7
2021-04-24,0.7931214198786147,-1,37.5375,-1,1619298727,sapflow-usda-7
2021-04-24,0.7935576590587283,-1,36.2625,-1,1619299729,sapflow-usda-7
2021-04-24,0.8180574433968321,-1,35.525,-1,1619301732,sapflow-usda-7
2021-04-24,0.7447510850782878,-1,35.2875,-1,1619302734,sapflow-usda-7
2021-04-24,0.7975065049408091,-1,36.4625,-1,1619305733,sapflow-usda-7
2021-04-24,0.7543924670982628,-1,35.525,-1,1619306733,sapflow-usda-7
2021-04-24,0.7818479637419172,-1,34.8375,-1,1619308739,sapflow-usda-7
2021-04-25,0.7686961367162427,-1,34.5,-1,1619309740,sapflow-usda-7
2021-04-25,0.7601667438301926,-1,34,-1,1619310743,sapflow-usda-7
2021-04-25,0.7548563627235504,-1,33.65,-1,1619311745,sapflow-usda-7
2021-04-25,0.7509652826379211,-1,32.7625,-1,1619313749,sapflow-usda-7
2021-04-25,0.7660114705426844,-1,36.5125,-1,1619316748,sapflow-usda-7
2021-04-25,0.7373160356503871,-1,32.0125,-1,1619318731,sapflow-usda-7
2021-04-25,0.6031312853686118,-1,32.225,-1,1619319844,sapflow-usda-7
2021-04-25,0.7351387698269224,-1,35.525,-1,1619320852,sapflow-usda-7
2021-04-25,0.7141887575197093,-1,30.4875,-1,1619322837,sapflow-usda-7
2021-04-25,0.6847600556375142,-1,29,-1,1619323840,sapflow-usda-7
2021-04-25,0.7042128273927131,-1,32.25,-1,1619324848,sapflow-usda-7
2021-04-25,0.7024700365471459,-1,27.225,-1,1619326834,sapflow-usda-7
2021-04-25,0.7570706909443597,-1,26.4125,-1,1619327835,sapflow-usda-7
2021-04-25,0.7506188061307003,-1,25.75,-1,1619328835,sapflow-usda-7
2021-04-25,0.7399469968998311,-1,25.3,-1,1619329837,sapflow-usda-7
2021-04-25,0.7173412592546478,-1,24.9875,-1,1619330840,sapflow-usda-7
2021-04-25,0.7457273017675466,-1,28.75,-1,1619332849,sapflow-usda-7
2021-04-25,0.7100200478375965,-1,24.75,-1,1619334834,sapflow-usda-7
2021-04-25,0.7584256793650979,-1,24.2875,-1,1619335835,sapflow-usda-7
2021-04-25,0.7359099363052143,-1,23.7375,-1,1619337839,sapflow-usda-7
2021-04-25,0.5645418494704689,-1,24.175,-1,1619339950,sapflow-usda-7
2021-04-25,0.7398470659602563,-1,23.5,-1,1619340939,sapflow-usda-7
2021-04-25,0.75373663138258,-1,23.05,-1,1619342943,sapflow-usda-7
2021-04-25,0.7404991731715158,-1,22.8375,-1,1619344950,sapflow-usda-7
2021-04-25,0.7589537916938016,-1,22.9875,-1,1619345953,sapflow-usda-7
2021-04-25,0.7648097097738641,-1,23.425,-1,1619346954,sapflow-usda-7
2021-04-25,0.7957274614281831,-1,24.025,-1,1619347957,sapflow-usda-7
2021-04-25,0.7680373563553871,-1,24.9375,-1,1619348960,sapflow-usda-7
2021-04-25,0.8246708141818695,-1,29.85,-1,1619349968,sapflow-usda-7
2021-04-25,0.7865778786317448,-1,27.4875,-1,1619350951,sapflow-usda-7
2021-04-25,0.767291514551715,-1,27.25,-1,1619351950,sapflow-usda-7
2021-04-25,0.790310411621989,-1,27.5,-1,1619352951,sapflow-usda-7
2021-04-25,0.8084332301756597,-1,28,-1,1619353955,sapflow-usda-7
2021-04-25,0.8451431120352837,-1,28.9875,-1,1619354958,sapflow-usda-7
2021-04-25,0.8827086586880724,-1,32.2625,-1,1619356965,sapflow-usda-7
2021-04-25,0.9270826648066689,-1,33.225,-1,1619357967,sapflow-usda-7
2021-04-25,0.9576635905492982,-1,34.7625,-1,1619358971,sapflow-usda-7
2021-04-25,0.962509681631326,-1,34.7125,-1,1619359974,sapflow-usda-7
2021-04-25,0.9287405309292257,-1,36.2625,-1,1619360978,sapflow-usda-7
2021-04-25,0.8802775694555687,-1,39.25,-1,1619362984,sapflow-usda-7
2021-04-25,0.9164806421372337,-1,40.5875,-1,1619363987,sapflow-usda-7
2021-04-25,0.8836048647486698,-1,41.025,-1,1619364987,sapflow-usda-7
2021-04-25,0.9174092127504693,-1,40.2625,-1,1619365987,sapflow-usda-7
2021-04-25,0.8596486624324778,-1,39.75,-1,1619366991,sapflow-usda-7
2021-04-25,0.929996216878571,-1,37.725,-1,1619369997,sapflow-usda-7
2021-04-25,0.9375632372016789,-1,38,-1,1619371000,sapflow-usda-7
2021-04-25,0.9682072868248777,-1,38.6625,-1,1619372001,sapflow-usda-7
2021-04-25,0.9740686345152328,-1,38.6625,-1,1619373003,sapflow-usda-7
2021-04-25,0.9771190185939076,-1,40,-1,1619375009,sapflow-usda-7
2021-04-25,0.9943503102514938,-1,44,-1,1619376018,sapflow-usda-7
2021-04-25,0.99176693688716,-1,40.9875,-1,1619377002,sapflow-usda-7
2021-04-25,0.9647991193176715,-1,41.0125,-1,1619378003,sapflow-usda-7
2021-04-25,0.9561073210732637,-1,41.4875,-1,1619379007,sapflow-usda-7
2021-04-25,0.9147507346460131,-1,41.7125,-1,1619382015,sapflow-usda-7
2021-04-25,0.9650029016038462,-1,41.325,-1,1619383017,sapflow-usda-7
2021-04-25,0.9393184172723437,-1,42.2375,-1,1619384023,sapflow-usda-7
2021-04-25,0.9012542072827316,-1,42.0125,-1,1619386028,sapflow-usda-7
2021-04-25,0.8875906592578732,-1,41.7375,-1,1619387032,sapflow-usda-7
2021-04-25,0.8908858964706049,-1,40.7625,-1,1619389035,sapflow-usda-7
2021-04-25,0.816504004343697,-1,40.5,-1,1619390037,sapflow-usda-7
2021-04-25,0.8024981229641815,-1,39.5125,-1,1619392044,sapflow-usda-7
2021-04-25,0.8020372563658749,-1,38.6,-1,1619394052,sapflow-usda-7
2021-04-25,0.8379546697413758,-1,38.5,-1,1619395055,sapflow-usda-7
2021-04-26,0.7937330644584798,-1,38.25,-1,1619396060,sapflow-usda-7
2021-04-26,0.8341577010807272,-1,37.6375,-1,1619397062,sapflow-usda-7
2021-04-26,0.5739334072736775,-1,37.5625,-1,1619398173,sapflow-usda-7
2021-04-26,0.7204340433588168,-1,36,-1,1619399161,sapflow-usda-7
2021-04-26,0.7318188775373596,-1,35,-1,1619400166,sapflow-usda-7
2021-04-26,0.7340248189630053,-1,34.25,-1,1619401168,sapflow-usda-7
2021-04-26,0.7276301070516947,-1,33.775,-1,1619402171,sapflow-usda-7
2021-04-26,0.7592370557503794,-1,33.25,-1,1619404177,sapflow-usda-7
2021-04-26,0.732191356150223,-1,33,-1,1619405181,sapflow-usda-7
2021-04-26,0.7475113090807223,-1,32.75,-1,1619406182,sapflow-usda-7
2021-04-26,0.5948652951578539,-1,33.2375,-1,1619407290,sapflow-usda-7
2021-04-26,0.7258642077123272,-1,32.15,-1,1619408279,sapflow-usda-7
2021-04-26,0.7645888934392793,-1,35.2625,-1,1619410290,sapflow-usda-7
2021-04-26,0.7271925522994175,-1,30.275,-1,1619413278,sapflow-usda-7
2021-04-26,0.6808795664403268,-1,29.7625,-1,1619414286,sapflow-usda-7
2021-04-26,0.7352825131260438,-1,29.4125,-1,1619415288,sapflow-usda-7
2021-04-26,0.7640609236652437,-1,33.3375,-1,1619416404,sapflow-usda-7
2021-04-26,0.7624558764374336,-1,29.775,-1,1619417386,sapflow-usda-7
2021-04-26,0.7296298627406173,-1,28.6625,-1,1619418386,sapflow-usda-7
2021-04-26,0.6901283380391918,-1,26.9875,-1,1619420392,sapflow-usda-7
2021-04-26,0.696417952167949,-1,26.3,-1,1619421394,sapflow-usda-7
2021-04-26,0.6832730370985608,-1,25.5,-1,1619422396,sapflow-usda-7
2021-04-26,0.7060066678071946,-1,24.7375,-1,1619423397,sapflow-usda-7
2021-04-26,0.7457697701347966,-1,24.2125,-1,1619424400,sapflow-usda-7
2021-04-26,0.7207470707147249,-1,23.8,-1,1619425402,sapflow-usda-7
2021-04-26,0.747539272174431,-1,23.55,-1,1619426405,sapflow-usda-7
2021-04-26,0.7508710160758739,-1,23.525,-1,1619430415,sapflow-usda-7
2021-04-26,0.7893365473898082,-1,24.55,-1,1619433426,sapflow-usda-7
2021-04-26,0.7733847623031849,-1,25.2375,-1,1619434428,sapflow-usda-7
2021-04-26,0.7674110147953978,-1,25.7625,-1,1619435431,sapflow-usda-7
2021-04-26,0.7530142060150089,-1,26.25,-1,1619436435,sapflow-usda-7
2021-04-26,0.7562018519353974,-1,26.7625,-1,1619438442,sapflow-usda-7
2021-04-26,0.8599761866420279,-1,28.7625,-1,1619440773,sapflow-usda-7
2021-04-26,0.9940833404386219,-1,33.3375,-1,1619441782,sapflow-usda-7
2021-04-26,0.9936571131131386,-1,32.9625,-1,1619442768,sapflow-usda-7
2021-04-26,0.955430637448307,-1,33.5625,-1,1619444778,sapflow-usda-7
2021-04-26,0.9132704883660298,-1,33.2375,-1,1619445781,sapflow-usda-7
2021-04-26,0.8177978539243672,-1,33.025,-1,1619446781,sapflow-usda-7
2021-04-26,0.8080579262105082,-1,33.575,-1,1619447783,sapflow-usda-7
2021-04-26,0.8683085935462193,-1,33.85,-1,1619448785,sapflow-usda-7
2021-04-26,1.0107154671941336,-1,38.5125,-1,1619449795,sapflow-usda-7
2021-04-26,0.8274008890465696,-1,36.2625,-1,1619450782,sapflow-usda-7
2021-04-26,0.82822996022207,-1,35.5125,-1,1619451783,sapflow-usda-7
2021-04-26,0.90498180379437,-1,36,-1,1619453789,sapflow-usda-7
2021-04-26,0.9892457594544763,-1,41.5,-1,1619457809,sapflow-usda-7
2021-04-26,0.9025613579483366,-1,38.825,-1,1619458793,sapflow-usda-7
2021-04-26,0.9527624473539815,-1,38.775,-1,1619459792,sapflow-usda-7
2021-04-26,0.9162186016829695,-1,39.75,-1,1619460796,sapflow-usda-7
2021-04-26,0.975021144901533,-1,44.5,-1,1619461803,sapflow-usda-7
2021-04-26,0.9340947141972283,-1,41.8125,-1,1619464786,sapflow-usda-7
2021-04-26,0.8596629516840589,-1,41.5,-1,1619465787,sapflow-usda-7
2021-04-26,0.9649679336403576,-1,44.875,-1,1619466796,sapflow-usda-7
2021-04-26,0.8903936270269955,-1,42,-1,1619468785,sapflow-usda-7
2021-04-26,0.8634251091208817,-1,41.7125,-1,1619469787,sapflow-usda-7
2021-04-26,0.8821510464607488,-1,41.7375,-1,1619470791,sapflow-usda-7
2021-04-26,0.7992442527166304,-1,43.0625,-1,1619472784,sapflow-usda-7
2021-04-26,0.8243286819233641,-1,42.0125,-1,1619473785,sapflow-usda-7
2021-04-26,0.6304671236034677,-1,42.4875,-1,1619474895,sapflow-usda-7
2021-04-26,0.8055955681686738,-1,40.9125,-1,1619476888,sapflow-usda-7
2021-04-26,0.7700291461276707,-1,39.725,-1,1619479896,sapflow-usda-7
2021-04-26,0.7442261453332645,-1,39.25,-1,1619480899,sapflow-usda-7
2021-04-27,0.809590501007551,-1,39.15,-1,1619482894,sapflow-usda-7
2021-04-27,0.7399029840824737,-1,41.95,-1,1619483901,sapflow-usda-7
2021-04-27,0.7086074258902553,-1,37.525,-1,1619484886,sapflow-usda-7
2021-04-27,0.7177266082615824,-1,34.9875,-1,1619486983,sapflow-usda-7
2021-04-27,0.727727518117394,-1,34.25,-1,1619487988,sapflow-usda-7
2021-04-27,0.706992409379865,-1,33.75,-1,1619488998,sapflow-usda-7
2021-04-27,0.7292956646951899,-1,33.3,-1,1619490003,sapflow-usda-7
2021-04-27,0.7415341048358529,-1,32.875,-1,1619491005,sapflow-usda-7
2021-04-27,0.7376112008938918,-1,32.525,-1,1619492006,sapflow-usda-7
2021-04-27,0.7392406005903076,-1,36.5,-1,1619493015,sapflow-usda-7
2021-04-27,0.7559407826956314,-1,33.225,-1,1619493999,sapflow-usda-7
2021-04-27,0.6932446825767947,-1,31.75,-1,1619495000,sapflow-usda-7
2021-04-27,0.7235952671464699,-1,30.6875,-1,1619496001,sapflow-usda-7
2021-04-27,0.7292691699186696,-1,30.0125,-1,1619497005,sapflow-usda-7
2021-04-27,0.748955023610808,-1,29.4875,-1,1619498007,sapflow-usda-7
2021-04-27,0.7176703901887149,-1,29.05,-1,1619499010,sapflow-usda-7
2021-04-27,0.7308874827697429,-1,28.25,-1,1619501014,sapflow-usda-7
2021-04-27,0.7424024234513535,-1,27.9875,-1,1619502017,sapflow-usda-7
2021-04-27,0.7373414696357089,-1,27.6875,-1,1619503020,sapflow-usda-7
2021-04-27,0.7310380804183231,-1,27.3625,-1,1619504025,sapflow-usda-7
2021-04-27,0.715013802735891,-1,27,-1,1619505028,sapflow-usda-7
2021-04-27,0.7226743400816322,-1,26.225,-1,1619507035,sapflow-usda-7
2021-04-27,0.7274687334758716,-1,25.9125,-1,1619508037,sapflow-usda-7
2021-04-27,0.7271848417362837,-1,29.5125,-1,1619510048,sapflow-usda-7
2021-04-27,0.7496057358543801,-1,26.35,-1,1619511032,sapflow-usda-7
2021-04-27,0.7507854428382101,-1,25.5,-1,1619512034,sapflow-usda-7
2021-04-27,0.7232296563463613,-1,25,-1,1619513039,sapflow-usda-7
2021-04-27,0.7314907330404017,-1,24.6875,-1,1619514041,sapflow-usda-7
2021-04-27,0.7398909604855128,-1,24.325,-1,1619515043,sapflow-usda-7
2021-04-27,0.7395328761705814,-1,24.075,-1,1619516044,sapflow-usda-7
2021-04-27,0.7294951097070616,-1,23.8625,-1,1619517045,sapflow-usda-7
2021-04-27,0.7333660954602872,-1,23.7,-1,1619518047,sapflow-usda-7
2021-04-27,0.7949852957948035,-1,23.575,-1,1619519050,sapflow-usda-7
2021-04-27,0.7971098823092477,-1,24,-1,1619520053,sapflow-usda-7
2021-04-27,0.7642751969445696,-1,26.05,-1,1619523049,sapflow-usda-7
2021-04-27,0.7502615031577913,-1,26.1625,-1,1619524052,sapflow-usda-7
2021-04-27,0.7563982726392532,-1,26.25,-1,1619525055,sapflow-usda-7
2021-04-27,0.7565183214109232,-1,26.4,-1,1619526056,sapflow-usda-7
2021-04-27,0.7663058455301409,-1,26.6125,-1,1619527059,sapflow-usda-7
2021-04-27,0.7659975546843018,-1,27.25,-1,1619528061,sapflow-usda-7
2021-04-27,0.9729902793765094,-1,28.9875,-1,1619529065,sapflow-usda-7
2021-04-27,0.8074040109032065,-1,31.025,-1,1619531058,sapflow-usda-7
2021-04-27,0.7839618704195146,-1,31.25,-1,1619532061,sapflow-usda-7
2021-04-27,0.9766493965951697,-1,33.675,-1,1619533067,sapflow-usda-7
2021-04-27,0.8078925613065598,-1,36.4375,-1,1619534073,sapflow-usda-7
2021-04-27,0.6522076215394554,-1,36.5,-1,1619535078,sapflow-usda-7
2021-04-27,0.7955435953525082,-1,36.5125,-1,1619538082,sapflow-usda-7
2021-04-27,0.720501100090704,-1,36.95,-1,1619539085,sapflow-usda-7
2021-04-27,0.7455978886968962,-1,36.9875,-1,1619542092,sapflow-usda-7
2021-04-27,0.7508362787916091,-1,38.775,-1,1619546105,sapflow-usda-7
2021-04-27,0.9053161709092786,-1,36.5375,-1,1619547090,sapflow-usda-7
2021-04-27,0.7278302526519396,-1,35.975,-1,1619549095,sapflow-usda-7
2021-04-27,0.7469123445026127,-1,34.9625,-1,1619551099,sapflow-usda-7
2021-04-27,0.7359443819709443,-1,33.95,-1,1619553104,sapflow-usda-7
2021-04-27,0.7350108650296024,-1,33.7375,-1,1619554106,sapflow-usda-7
2021-04-27,0.7363539235024482,-1,33.475,-1,1619555109,sapflow-usda-7
2021-04-27,0.732893813025761,-1,33.2625,-1,1619556112,sapflow-usda-7
2021-04-27,0.7252974142406572,-1,33.225,-1,1619557122,sapflow-usda-7
2021-04-27,0.7760730664657988,-1,33.7125,-1,1619559128,sapflow-usda-7
2021-04-27,0.6049391517128915,-1,35,-1,1619562245,sapflow-usda-7
2021-04-27,0.7498712233957903,-1,34.1125,-1,1619563231,sapflow-usda-7
2021-04-27,0.7366677114403604,-1,33.7875,-1,1619564233,sapflow-usda-7
2021-04-27,0.7207415698015025,-1,33.275,-1,1619566241,sapflow-usda-7
2021-04-28,0.5825196770728727,-1,33.525,-1,1619569354,sapflow-usda-7
2021-04-28,0.7362022428022443,-1,32.575,-1,1619570342,sapflow-usda-7
2021-04-28,0.7401020943012333,-1,32,-1,1619571344,sapflow-usda-7
2021-04-28,0.7351641148383593,-1,31.575,-1,1619572346,sapflow-usda-7
2021-04-28,0.7352593257479539,-1,31.2125,-1,1619573347,sapflow-usda-7
2021-04-28,0.7347582545699298,-1,30.85,-1,1619574350,sapflow-usda-7
2021-04-28,0.5890986975907687,-1,31.25,-1,1619575459,sapflow-usda-7
2021-04-28,0.7397235069965977,-1,30.1,-1,1619577448,sapflow-usda-7
2021-04-28,0.7442950932838818,-1,29.8625,-1,1619578451,sapflow-usda-7
2021-04-28,0.7469900263429812,-1,29.6625,-1,1619579453,sapflow-usda-7
2021-04-28,0.6933081039055836,-1,29.1,-1,1619581458,sapflow-usda-7
2021-04-28,0.724983146851487,-1,28.5,-1,1619582460,sapflow-usda-7
2021-04-28,0.7134877128200442,-1,27.975,-1,1619583462,sapflow-usda-7
2021-04-28,0.7145445042232826,-1,31.75,-1,1619584470,sapflow-usda-7
2021-04-28,0.7824983048252488,-1,28.4125,-1,1619585454,sapflow-usda-7
2021-04-28,0.7539300834930155,-1,31.7125,-1,1619586461,sapflow-usda-7
2021-04-28,0.763809951071218,-1,28.075,-1,1619587449,sapflow-usda-7
2021-04-28,0.7257859920950599,-1,27,-1,1619588451,sapflow-usda-7
2021-04-28,0.7622869337627132,-1,26.3375,-1,1619589452,sapflow-usda-7
2021-04-28,0.7439529919330873,-1,25,-1,1619592461,sapflow-usda-7
2021-04-28,0.710775562367087,-1,24.7375,-1,1619593462,sapflow-usda-7
2021-04-28,0.7518303898189572,-1,24.4,-1,1619594466,sapflow-usda-7
2021-04-28,0.7349415464880809,-1,24.2375,-1,1619595467,sapflow-usda-7
2021-04-28,0.7333174065049999,-1,24,-1,1619596469,sapflow-usda-7
2021-04-28,0.7424464489951383,-1,23.75,-1,1619597472,sapflow-usda-7
2021-04-28,0.7387434626294367,-1,23.4875,-1,1619599478,sapflow-usda-7
2021-04-28,0.7410786627509112,-1,27.6375,-1,1619600488,sapflow-usda-7
2021-04-28,0.7512796457346805,-1,23.2875,-1,1619604478,sapflow-usda-7
2021-04-28,0.7541892593482975,-1,23.325,-1,1619605482,sapflow-usda-7
2021-04-28,0.7414926693928827,-1,23.6875,-1,1619606486,sapflow-usda-7
2021-04-28,0.751365220473613,-1,24.2375,-1,1619607488,sapflow-usda-7
2021-04-28,0.7437169076168896,-1,26.6,-1,1619611504,sapflow-usda-7
2021-04-28,0.7502474316279713,-1,27,-1,1619612509,sapflow-usda-7
2021-04-28,0.7638912093677973,-1,29.1375,-1,1619614501,sapflow-usda-7
2021-04-28,0.7439722363606887,-1,28.8125,-1,1619615503,sapflow-usda-7
2021-04-28,0.7838307532572396,-1,29.0375,-1,1619616507,sapflow-usda-7
2021-04-28,0.8069828770187433,-1,30.1875,-1,1619618513,sapflow-usda-7
2021-04-28,0.7889882766332742,-1,31.75,-1,1619619519,sapflow-usda-7
2021-04-28,0.8123972606888167,-1,38.175,-1,1619620635,sapflow-usda-7
2021-04-28,0.7938784892403058,-1,35.4625,-1,1619621618,sapflow-usda-7
2021-04-28,0.7489041939514705,-1,34.275,-1,1619622620,sapflow-usda-7
2021-04-28,0.7891897928369657,-1,34.3625,-1,1619623621,sapflow-usda-7
2021-04-28,0.9314772119479433,-1,38.375,-1,1619624626,sapflow-usda-7
2021-04-28,0.7119092742876422,-1,46,-1,1619625634,sapflow-usda-7
2021-04-28,0.691299910749274,-1,43.85,-1,1619626618,sapflow-usda-7
2021-04-28,0.7585667386916285,-1,39.3,-1,1619629621,sapflow-usda-7
2021-04-28,0.5236212988016726,-1,39.1875,-1,1619630624,sapflow-usda-7
2021-04-28,0.7525701900348805,-1,40.025,-1,1619632630,sapflow-usda-7
2021-04-28,0.8109165888478779,-1,40.0375,-1,1619633635,sapflow-usda-7
2021-04-28,0.7464144460501172,-1,41.6,-1,1619638650,sapflow-usda-7
2021-04-28,0.7781361260770315,-1,41.975,-1,1619639652,sapflow-usda-7
2021-04-28,0.7584293853029574,-1,42.275,-1,1619640655,sapflow-usda-7
2021-04-28,0.6920254825034112,-1,42.0125,-1,1619641658,sapflow-usda-7
2021-04-28,0.6580040273621403,-1,41,-1,1619643665,sapflow-usda-7
2021-04-28,0.6908666618983141,-1,39.5125,-1,1619644665,sapflow-usda-7
2021-04-28,0.7786587980274127,-1,38.75,-1,1619645666,sapflow-usda-7
2021-04-28,0.732300262536724,-1,39.25,-1,1619647671,sapflow-usda-7
2021-04-28,0.5226102463385053,-1,39.7625,-1,1619648780,sapflow-usda-7
2021-04-28,0.7169212262534483,-1,38.5,-1,1619649770,sapflow-usda-7
2021-04-28,0.8234141483823294,-1,38.4875,-1,1619651760,sapflow-usda-7
2021-04-28,0.6925171504719894,-1,37.2125,-1,1619653765,sapflow-usda-7
2021-04-29,0.7226393299826294,-1,35.5,-1,1619655769,sapflow-usda-7
2021-04-29,0.7102413068351677,-1,34.85,-1,1619657870,sapflow-usda-7
2021-04-29,0.6959020079662719,-1,34.25,-1,1619658873,sapflow-usda-7
2021-04-29,0.7048236903537456,-1,33.725,-1,1619659875,sapflow-usda-7
2021-04-29,0.7031565109021167,-1,33.025,-1,1619660878,sapflow-usda-7
2021-04-29,0.7285205323541389,-1,36.75,-1,1619661885,sapflow-usda-7
2021-04-29,0.7415938063517604,-1,33.225,-1,1619662869,sapflow-usda-7
2021-04-29,0.6976966617874527,-1,32,-1,1619663872,sapflow-usda-7
2021-04-29,0.707785272600295,-1,31.1875,-1,1619664873,sapflow-usda-7
2021-04-29,0.7107215686632179,-1,30,-1,1619666875,sapflow-usda-7
2021-04-29,0.6660882927903615,-1,29.475,-1,1619667877,sapflow-usda-7
2021-04-29,0.6774519542747212,-1,28.4625,-1,1619668880,sapflow-usda-7